file,page_number,source,word_count,alpha_ratio,average_confidence,review_reasons,text_preview,review_decision,reviewer,notes
D:\nctb-study-companion-starter\public\ocr\books\class8-english\pages\page-001.json,1,tesseract,7,0.8519,,fewer than 20 words,"Us: National Curriculum and Textbook Board, Bangladesh",,,
D:\nctb-study-companion-starter\public\ocr\books\class8-english\pages\page-006.json,6,tesseract,103,0.6299,53.9,low OCR confidence,"Unit One A Glimpse of Our Culture Fa ep afer is, 2 ee =~ 54 pes = ee daa <= — — Rs. * eo os} We a — 7 Sy = = "" ce t 1 E * ~ ~ iu =* i ee SA ib - - = ays ey aS E Ligh rg ro: - er fy 7 - mi. 6 “ate Fp ee: 1 Or: — = are 7 2 ="" ar “tt -- - -Wdetemey “at ee...) eel ~ paves Ba Ss SSS SET Ss After we have studied this unit, we will be able to @ read and understand texts through silent reading @ infer mea",,,
D:\nctb-study-companion-starter\public\ocr\books\class8-english\pages\page-018.json,18,tesseract,56,0.7315,54.78,low OCR confidence,"Unit Two Food and Nutrition Cod — TRG FF Pp) ZT OD s ae <5 VWI 74 © DI IEG we ) Y ’ E> a SS After we have studied this unit, we will be able to @ read and understand texts through silent reading @ listen for information @ ask and answer questions ® write answers to questions NS q @ practise sounds",,,
D:\nctb-study-companion-starter\public\ocr\books\class8-english\pages\page-043.json,43,tesseract,1006,0.7495,38.99,low OCR confidence,"English For Today rd ete eta tect und neually tit-ting, tet, fia feeling: tract in a ft of anger,""regey temper. pique ace i © OF STRONG FEELING 3 [C) ashore per. z iod of very sorang e Lda;: ao Hees FIT _; ace pt in the passive loften With an adjecene) the wary be thee sight stipe aced size Ror als 'ethi: ['] J ue stl that toe ‘fit von Nice dn atid’ fie, & Thad Aeebing fies weed! sn rains lp badly",,,
D:\nctb-study-companion-starter\public\ocr\books\class8-english\pages\page-067.json,67,tesseract,68,0.7331,61.14,low OCR confidence,"Unit Six Going on a Trip y B LATTA TT CA a y) IMMIGRATION pe See eee) WW Lees | WG men Se fy, / \ ai 1 After we have studied this unit, we will be able to e listen for information e listen to and follow announcements @ read and understand texts @ ask and answer questions = @ write answers to questions ‘S Ss _. S Q @ write the main ideas AQ",,,
D:\nctb-study-companion-starter\public\ocr\books\class8-english\pages\page-069.json,69,tesseract,215,0.7551,64.83,low OCR confidence,"64 English For Today through the immigration. He gives one to Mita and says,“ You have to give some information about yourself in the form. The immigration officer will check your passport and stamp it. And then you are ready to travel.” Mita, Zara and her parents start filling in the forms. C. Read the text again and answer the following questions: 1. Why is Mita excited? 2. Why aren’t Mita’s par",,,
D:\nctb-study-companion-starter\public\ocr\books\class8-english\pages\page-103.json,103,tesseract,181,0.7594,64.96,low OCR confidence,"98 English For Today eB | SN SH ERLE He HT EN RIN Te ahs 7a ee ge Gee Ps re a Ses FS Fete Fos See, Bata Brat are, (Pa ae Fra a FE ST ADS AA TCT ST PS OSE rena Pe FEC boo Brey FLT ICT SPO TM SILT TT OD CT OTT Pea sie S20 EL ESE Hd i ERO i yoo BIA FRET GORA CC AIA EE Owen 43 Comments 399 Share A Facebook page falsely claims that Sonali Bank is giving away money to people in celebration of the month ",,,
D:\nctb-study-companion-starter\public\ocr\books\class8-english\pages\page-135.json,135,tesseract,169,0.7009,57.97,low OCR confidence,"130 English For Today F. PROJECT WORK: On a weekend, observe how ruti or paratha is made in the kitchen. Carefully take notes of each step taken to make it. Then back in class, share your notes with your partner/group. Finally, write how ruti or paratha is made and make a presentation in the class: Lesson 7: Contemplation A. Look at the picture and discuss in groups the possible answers to these q",,,
D:\nctb-study-companion-starter\public\ocr\books\class8-english\pages\page-137.json,137,tesseract,68,0.7346,58.04,low OCR confidence,"Unit Ten Fables f TM i fo ‘iy r ee? (a By we r Fs ) te h Ls wal: s F -; 7 -_ i a After we have studied this unit, we will be able to @ describe pictures @ read and understand texts through silent reading e infer meaning from context @ ask and answer questions e take part in discussions S e identify main points of a text Ss",,,
