index,relative_path,category,extension,size_bytes,estimated_records,parse_status,sensitive_keys,observed_keys,sha256
1,ai-request.json,OTHER,.json,210,1,OK,studentId,lessonNo|requestedTool|selectedLine|studentId|studentKey,852551419477cc9888951bd70294331effeae665e124af4a766053e5b4ef5a1c
2,ai-response-body.txt,OTHER,.txt,10405,1,OK,,,d9111988cd499dd06e8dd908289f0774d36b3f548fee137860ab290475da9a3f
3,ai-response-headers.txt,OTHER,.txt,296,10,OK,,,6d39504f77112eeb47d18a5b6be50ad4c646c777dabcac740e298f98b5d364f2
4,project_structure.txt,OTHER,.txt,2134058,51727,OK,,,6dc8335b43d388b33ca03ff916490ae76c6ba16f67f1252325c6afd0f00405a7
5,public\ocr\books\class6-english\index.json,TEXTBOOK_OCR,.json,29871,115,OK,,aiReadyLineCount|bookId|endPage|image|json|lineCount|pageNumber|pages|source|sourcePdf|startPage|title|totalPdfPages,83efdc087006867fc013b6573454357b7c38e129389a71450abad9c337f92e68
6,public\ocr\books\class6-english\pages\page-001.json,TEXTBOOK_OCR,.json,282,1,OK,,aiReadyLines|aiReadyText|bookId|cleanText|height|image|lines|pageNumber|rawText|source|width,40eca497ff83f6567bc096c57767d6301028a4d0e9990ac6bc5761b3a3d4962a
7,public\ocr\books\class6-english\pages\page-002.json,TEXTBOOK_OCR,.json,2880,1,OK,,aiReady|aiReadyLines|aiReadyText|bbox|bookId|cleanText|confidence|height|id|image|lineNumber|lines|pageNumber|rawText|source|text|width|x|y,671bfc6db3d74354d49b293452d40a035f7dc6f95b4c5d623582cb8fabe9e4d4
8,public\ocr\books\class6-english\pages\page-003.json,TEXTBOOK_OCR,.json,10252,1,OK,,aiReady|aiReadyLines|aiReadyText|bbox|bookId|cleanText|confidence|height|id|image|lineNumber|lines|pageNumber|rawText|source|text|width|x|y,fa4f4b9de7684bf28497345b086459b77b1c2932a8e83d00179cea54c020e3be
9,public\ocr\books\class6-english\pages\page-004.json,TEXTBOOK_OCR,.json,42379,1,OK,,aiReady|aiReadyLines|aiReadyText|bbox|bookId|cleanText|confidence|height|id|image|lineNumber|lines|pageNumber|rawText|source|text|width|x|y,2c4a7a7319f56d010490ac10dfc3463b037350b3ef5938ebb97f1ab2701caf48
10,public\ocr\books\class6-english\pages\page-005.json,TEXTBOOK_OCR,.json,27135,1,OK,,aiReady|aiReadyLines|aiReadyText|bbox|bookId|cleanText|confidence|height|id|image|lineNumber|lines|pageNumber|rawText|source|text|width|x|y,e69f9212b4d61662edfd2b268b4255ddfdeb9b5dcaf4f905157ca4da7c8c4856
11,public\ocr\books\class6-english\pages\page-006.json,TEXTBOOK_OCR,.json,13091,1,OK,,aiReady|aiReadyLines|aiReadyText|bbox|bookId|cleanText|confidence|height|id|image|lineNumber|lines|pageNumber|rawText|source|text|width|x|y,bab24965f2d0070e119158c347f618f7afaa984dda500efd5f1380c4ce33bf0c
12,public\ocr\books\class6-english\pages\page-007.json,TEXTBOOK_OCR,.json,15946,1,OK,,aiReady|aiReadyLines|aiReadyText|bbox|bookId|cleanText|confidence|height|id|image|lineNumber|lines|pageNumber|rawText|source|text|width|x|y,62cbffff8a8b7caa405a02810b8c18692f4a9d5901a4131afb70279462a58ec2
13,public\ocr\books\class6-english\pages\page-008.json,TEXTBOOK_OCR,.json,18360,1,OK,,aiReady|aiReadyLines|aiReadyText|bbox|bookId|cleanText|confidence|height|id|image|lineNumber|lines|pageNumber|rawText|source|text|width|x|y,2c35b300e6a2763694c7deb316f087f6b9412e9fab9e8bcd2ed02c0d9d57b8cc
14,public\ocr\books\class6-english\pages\page-009.json,TEXTBOOK_OCR,.json,18149,1,OK,,aiReady|aiReadyLines|aiReadyText|bbox|bookId|cleanText|confidence|height|id|image|lineNumber|lines|pageNumber|rawText|source|text|width|x|y,770c729c10a949c79d49458784b5478c645aeadc6dfc32f6505b020672e8869a
15,public\ocr\books\class6-english\pages\page-010.json,TEXTBOOK_OCR,.json,21702,1,OK,,aiReady|aiReadyLines|aiReadyText|bbox|bookId|cleanText|confidence|height|id|image|lineNumber|lines|pageNumber|rawText|source|text|width|x|y,8afecfdf2c7a622511b612a11900944a1165b7547089010fe6d3d45d4cda8444
16,public\ocr\books\class6-english\pages\page-011.json,TEXTBOOK_OCR,.json,26786,1,OK,,aiReady|aiReadyLines|aiReadyText|bbox|bookId|cleanText|confidence|height|id|image|lineNumber|lines|pageNumber|rawText|source|text|width|x|y,3ac7b85771710c55665a226ffe30bb384c5ff3626d579b721ddaedc15eb0a495
17,public\ocr\books\class6-english\pages\page-012.json,TEXTBOOK_OCR,.json,20807,1,OK,,aiReady|aiReadyLines|aiReadyText|bbox|bookId|cleanText|confidence|height|id|image|lineNumber|lines|pageNumber|rawText|source|text|width|x|y,90eb446af6026bcf7458ccbbbc9dadb8f46fe0295eaeebfbf3d93c10b6d81c49
18,public\ocr\books\class6-english\pages\page-013.json,TEXTBOOK_OCR,.json,5877,1,OK,,aiReady|aiReadyLines|aiReadyText|bbox|bookId|cleanText|confidence|height|id|image|lineNumber|lines|pageNumber|rawText|source|text|width|x|y,86f5b258af67a76b1088ae1e34f5ae3032f7bee03411571d3f94bdf40d0dcc69
19,public\ocr\books\class6-english\pages\page-014.json,TEXTBOOK_OCR,.json,20635,1,OK,,aiReady|aiReadyLines|aiReadyText|bbox|bookId|cleanText|confidence|height|id|image|lineNumber|lines|pageNumber|rawText|source|text|width|x|y,f83c1334d2c70943e2ebf176d5297b75b2873bbe6ca3e8c22c365bc8c01a0943
20,public\ocr\books\class6-english\pages\page-015.json,TEXTBOOK_OCR,.json,25671,1,OK,,aiReady|aiReadyLines|aiReadyText|bbox|bookId|cleanText|confidence|height|id|image|lineNumber|lines|pageNumber|rawText|source|text|width|x|y,dda5ac204cfb0402e37274c20049656ad3ae122e746dada9fd645491d654cfb9
21,public\ocr\books\class6-english\pages\page-016.json,TEXTBOOK_OCR,.json,23770,1,OK,,aiReady|aiReadyLines|aiReadyText|bbox|bookId|cleanText|confidence|height|id|image|lineNumber|lines|pageNumber|rawText|source|text|width|x|y,518422a1e40bdeadc80264eace435fe5e9a8441b4048c70abf8e420603109c50
22,public\ocr\books\class6-english\pages\page-017.json,TEXTBOOK_OCR,.json,15208,1,OK,,aiReady|aiReadyLines|aiReadyText|bbox|bookId|cleanText|confidence|height|id|image|lineNumber|lines|pageNumber|rawText|source|text|width|x|y,d333b971e68d64020cc0732ec999a292bf33acf3adcbb02e10d810ec23816352
23,public\ocr\books\class6-english\pages\page-018.json,TEXTBOOK_OCR,.json,7754,1,OK,,aiReady|aiReadyLines|aiReadyText|bbox|bookId|cleanText|confidence|height|id|image|lineNumber|lines|pageNumber|rawText|source|text|width|x|y,96fdc99402746f339b3545dd1c41d07efea9548e6731fda55f6570e416a9d46d
24,public\ocr\books\class6-english\pages\page-019.json,TEXTBOOK_OCR,.json,23227,1,OK,,aiReady|aiReadyLines|aiReadyText|bbox|bookId|cleanText|confidence|height|id|image|lineNumber|lines|pageNumber|rawText|source|text|width|x|y,49128927aa826ebf3ce8cbae69550d92f0e17b2901d2d22e28b79b29542b0521
25,public\ocr\books\class6-english\pages\page-020.json,TEXTBOOK_OCR,.json,20795,1,OK,,aiReady|aiReadyLines|aiReadyText|bbox|bookId|cleanText|confidence|height|id|image|lineNumber|lines|pageNumber|rawText|source|text|width|x|y,71289ab1e39ecaa7d35a1f8142855e661134d4be48575365fa9b78aab8f4a95f
26,public\ocr\books\class6-english\pages\page-021.json,TEXTBOOK_OCR,.json,14578,1,OK,,aiReady|aiReadyLines|aiReadyText|bbox|bookId|cleanText|confidence|height|id|image|lineNumber|lines|pageNumber|rawText|source|text|width|x|y,2665cb82a86372d43551f53c03fea8ec9e76a703268a7b9a2b58355c97041a48
27,public\ocr\books\class6-english\pages\page-022.json,TEXTBOOK_OCR,.json,20030,1,OK,,aiReady|aiReadyLines|aiReadyText|bbox|bookId|cleanText|confidence|height|id|image|lineNumber|lines|pageNumber|rawText|source|text|width|x|y,055f1a4f9d8f1f6b60afbb2b9ccd6242c1a6b54b3256bd83bea09cbb9f798a57
28,public\ocr\books\class6-english\pages\page-023.json,TEXTBOOK_OCR,.json,21842,1,OK,,aiReady|aiReadyLines|aiReadyText|bbox|bookId|cleanText|confidence|height|id|image|lineNumber|lines|pageNumber|rawText|source|text|width|x|y,56c4819467aabd25156e0149a03ac6389c23c918b21fb236fcea27c791ba8f92
29,public\ocr\books\class6-english\pages\page-024.json,TEXTBOOK_OCR,.json,14776,1,OK,,aiReady|aiReadyLines|aiReadyText|bbox|bookId|cleanText|confidence|height|id|image|lineNumber|lines|pageNumber|rawText|source|text|width|x|y,62ef98e8f51f71d19218a9a817c5365afc84d5ba0d8eed80286aefd1104d8091
30,public\ocr\books\class6-english\pages\page-025.json,TEXTBOOK_OCR,.json,10297,1,OK,,aiReady|aiReadyLines|aiReadyText|bbox|bookId|cleanText|confidence|height|id|image|lineNumber|lines|pageNumber|rawText|source|text|width|x|y,cde6b37fcc8d53b4c3b4e56d3fbe59d9990da2c439ef6d97834f5d71d30c41a4
31,public\ocr\books\class6-english\pages\page-026.json,TEXTBOOK_OCR,.json,18959,1,OK,,aiReady|aiReadyLines|aiReadyText|bbox|bookId|cleanText|confidence|height|id|image|lineNumber|lines|pageNumber|rawText|source|text|width|x|y,db59e30a4271f958d4d8b3869223de2ad7591058f8ec5079f32a64507b0163d1
32,public\ocr\books\class6-english\pages\page-027.json,TEXTBOOK_OCR,.json,10436,1,OK,,aiReady|aiReadyLines|aiReadyText|bbox|bookId|cleanText|confidence|height|id|image|lineNumber|lines|pageNumber|rawText|source|text|width|x|y,fbd06745c68d10153f7c32c7ada59b666b8f1cb380727a0ecdbe075949d4f39d
33,public\ocr\books\class6-english\pages\page-028.json,TEXTBOOK_OCR,.json,20241,1,OK,,aiReady|aiReadyLines|aiReadyText|bbox|bookId|cleanText|confidence|height|id|image|lineNumber|lines|pageNumber|rawText|source|text|width|x|y,b7e7d0e1b392e207f4090e7831d9364201be3422ef2c5cd684da6707d81bac07
34,public\ocr\books\class6-english\pages\page-029.json,TEXTBOOK_OCR,.json,11740,1,OK,,aiReady|aiReadyLines|aiReadyText|bbox|bookId|cleanText|confidence|height|id|image|lineNumber|lines|pageNumber|rawText|source|text|width|x|y,1ac16773b81ad510a971052cc12cb7897e479b7490ab36c65ab33b6e30e21e45
35,public\ocr\books\class6-english\pages\page-030.json,TEXTBOOK_OCR,.json,14210,1,OK,,aiReady|aiReadyLines|aiReadyText|bbox|bookId|cleanText|confidence|height|id|image|lineNumber|lines|pageNumber|rawText|source|text|width|x|y,d87a0f5ec8525d26f5af5b96b02c27676a3944a3719bf60aac50791790521d03
36,public\ocr\books\class6-english\pages\page-031.json,TEXTBOOK_OCR,.json,15322,1,OK,,aiReady|aiReadyLines|aiReadyText|bbox|bookId|cleanText|confidence|height|id|image|lineNumber|lines|pageNumber|rawText|source|text|width|x|y,cb24b1dfc8fb47bb9b1c29ba3ad9abc8a14535f6639830e7db49bd7697eeced0
37,public\ocr\books\class6-english\pages\page-032.json,TEXTBOOK_OCR,.json,11518,1,OK,,aiReady|aiReadyLines|aiReadyText|bbox|bookId|cleanText|confidence|height|id|image|lineNumber|lines|pageNumber|rawText|source|text|width|x|y,b13c91b03df762f2a4661d6298f224e6fb73bd55fbad27158d368f762b833dbf
38,public\ocr\books\class6-english\pages\page-033.json,TEXTBOOK_OCR,.json,13449,1,OK,,aiReady|aiReadyLines|aiReadyText|bbox|bookId|cleanText|confidence|height|id|image|lineNumber|lines|pageNumber|rawText|source|text|width|x|y,eed81ae66254c6e6ef91a677e30a0eb19821e6406f8ab23609ee849506d9813b
39,public\ocr\books\class6-english\pages\page-034.json,TEXTBOOK_OCR,.json,17670,1,OK,,aiReady|aiReadyLines|aiReadyText|bbox|bookId|cleanText|confidence|height|id|image|lineNumber|lines|pageNumber|rawText|source|text|width|x|y,74149c42a05d10a08ff19b8d0e9730c85dfe5a0fc9aed11a262dbfe74c1309c0
40,public\ocr\books\class6-english\pages\page-035.json,TEXTBOOK_OCR,.json,17404,1,OK,,aiReady|aiReadyLines|aiReadyText|bbox|bookId|cleanText|confidence|height|id|image|lineNumber|lines|pageNumber|rawText|source|text|width|x|y,51a72014508265fd3a333da00884ecc94b145561263494c67a104cd926647c48
41,public\ocr\books\class6-english\pages\page-036.json,TEXTBOOK_OCR,.json,18261,1,OK,,aiReady|aiReadyLines|aiReadyText|bbox|bookId|cleanText|confidence|height|id|image|lineNumber|lines|pageNumber|rawText|source|text|width|x|y,dc699db1bd74e3a30241208c00b8f7c501ec157bb2f59617c8b8e8cc8f6b9c78
42,public\ocr\books\class6-english\pages\page-037.json,TEXTBOOK_OCR,.json,17132,1,OK,,aiReady|aiReadyLines|aiReadyText|bbox|bookId|cleanText|confidence|height|id|image|lineNumber|lines|pageNumber|rawText|source|text|width|x|y,8edab754e5b2a126da691d429f507e678dff7ed11fc5cfe1b7498253a5509d20
43,public\ocr\books\class6-english\pages\page-038.json,TEXTBOOK_OCR,.json,9070,1,OK,,aiReady|aiReadyLines|aiReadyText|bbox|bookId|cleanText|confidence|height|id|image|lineNumber|lines|pageNumber|rawText|source|text|width|x|y,f9468ea4c90ee6ecbb110c76b38b8467c2ee02741141f15f3c6c9364c77189a8
44,public\ocr\books\class6-english\pages\page-039.json,TEXTBOOK_OCR,.json,25414,1,OK,,aiReady|aiReadyLines|aiReadyText|bbox|bookId|cleanText|confidence|height|id|image|lineNumber|lines|pageNumber|rawText|source|text|width|x|y,1bff488f77cb89edea2a005578d74d12b6e07761e0df98b929fab19f4a7d58e1
45,public\ocr\books\class6-english\pages\page-040.json,TEXTBOOK_OCR,.json,24243,1,OK,,aiReady|aiReadyLines|aiReadyText|bbox|bookId|cleanText|confidence|height|id|image|lineNumber|lines|pageNumber|rawText|source|text|width|x|y,9c5c3decf71dadb1dda370206cbc8fbdab90fe0af30a608edf1510067098e4e3
46,public\ocr\books\class6-english\pages\page-041.json,TEXTBOOK_OCR,.json,23643,1,OK,,aiReady|aiReadyLines|aiReadyText|bbox|bookId|cleanText|confidence|height|id|image|lineNumber|lines|pageNumber|rawText|source|text|width|x|y,647b52f904a4326294c690f5237571edf49ad0df746e58e330be292ce232b2cb
47,public\ocr\books\class6-english\pages\page-042.json,TEXTBOOK_OCR,.json,7411,1,OK,,aiReady|aiReadyLines|aiReadyText|bbox|bookId|cleanText|confidence|height|id|image|lineNumber|lines|pageNumber|rawText|source|text|width|x|y,766aa1665b600068ce1597c7715e1da3a88f9ed9e1e0df2fe11273e177a3748a
48,public\ocr\books\class6-english\pages\page-043.json,TEXTBOOK_OCR,.json,19351,1,OK,,aiReady|aiReadyLines|aiReadyText|bbox|bookId|cleanText|confidence|height|id|image|lineNumber|lines|pageNumber|rawText|source|text|width|x|y,3f61dc59f774ce7b18d39b08f19541a457f9ae4caa762deaaa3dcc1213d7a800
49,public\ocr\books\class6-english\pages\page-044.json,TEXTBOOK_OCR,.json,21223,1,OK,,aiReady|aiReadyLines|aiReadyText|bbox|bookId|cleanText|confidence|height|id|image|lineNumber|lines|pageNumber|rawText|source|text|width|x|y,aa78dc311f9e70387af76e07dff4ea5092733a260a2e0608ceb0cd0efcf93897
50,public\ocr\books\class6-english\pages\page-045.json,TEXTBOOK_OCR,.json,24946,1,OK,,aiReady|aiReadyLines|aiReadyText|bbox|bookId|cleanText|confidence|height|id|image|lineNumber|lines|pageNumber|rawText|source|text|width|x|y,4739e9632fb6152f446778b93fc2587e13a06ce877b20643f945ad9e58882c90
51,public\ocr\books\class6-english\pages\page-046.json,TEXTBOOK_OCR,.json,21015,1,OK,,aiReady|aiReadyLines|aiReadyText|bbox|bookId|cleanText|confidence|height|id|image|lineNumber|lines|pageNumber|rawText|source|text|width|x|y,b04576120028111fc1cc962a4509685acda7d8f4a3ff7bba35e18638a3835cd5
52,public\ocr\books\class6-english\pages\page-047.json,TEXTBOOK_OCR,.json,22272,1,OK,,aiReady|aiReadyLines|aiReadyText|bbox|bookId|cleanText|confidence|height|id|image|lineNumber|lines|pageNumber|rawText|source|text|width|x|y,7f44091699fbca23667b6add57bd9e0d67f7562f16a24581b8ee78d61db031e6
53,public\ocr\books\class6-english\pages\page-048.json,TEXTBOOK_OCR,.json,22672,1,OK,,aiReady|aiReadyLines|aiReadyText|bbox|bookId|cleanText|confidence|height|id|image|lineNumber|lines|pageNumber|rawText|source|text|width|x|y,d2d55c53328152c7e8a6cba54c5dc5eb829f960ae80cb95828ab5e8ae6001ea7
54,public\ocr\books\class6-english\pages\page-049.json,TEXTBOOK_OCR,.json,17510,1,OK,,aiReady|aiReadyLines|aiReadyText|bbox|bookId|cleanText|confidence|height|id|image|lineNumber|lines|pageNumber|rawText|source|text|width|x|y,c50da2dc631ed12cba9b7af03c7b79cca4841fd9394b198ad8c7cf66ff6f783a
55,public\ocr\books\class6-english\pages\page-050.json,TEXTBOOK_OCR,.json,16546,1,OK,,aiReady|aiReadyLines|aiReadyText|bbox|bookId|cleanText|confidence|height|id|image|lineNumber|lines|pageNumber|rawText|source|text|width|x|y,8442dd8c03c59d57d204833e22feff1eda4c66f18f303bed31be8f4cb2ebccda
56,public\ocr\books\class6-english\pages\page-051.json,TEXTBOOK_OCR,.json,9937,1,OK,,aiReady|aiReadyLines|aiReadyText|bbox|bookId|cleanText|confidence|height|id|image|lineNumber|lines|pageNumber|rawText|source|text|width|x|y,f7adbaf7cca45bab963ad4805e8be73bd316c476cccd3129032628c6afc559f8
57,public\ocr\books\class6-english\pages\page-052.json,TEXTBOOK_OCR,.json,21301,1,OK,,aiReady|aiReadyLines|aiReadyText|bbox|bookId|cleanText|confidence|height|id|image|lineNumber|lines|pageNumber|rawText|source|text|width|x|y,3f698efeee840360f100d3a9e85fd0a68e62de390a2e1ace63c6ecd70b7e0f19
58,public\ocr\books\class6-english\pages\page-053.json,TEXTBOOK_OCR,.json,13200,1,OK,,aiReady|aiReadyLines|aiReadyText|bbox|bookId|cleanText|confidence|height|id|image|lineNumber|lines|pageNumber|rawText|source|text|width|x|y,ea287392e013c4818b130487776add947cce5ba72d57b7dff6bf60ad8c3f634c
59,public\ocr\books\class6-english\pages\page-054.json,TEXTBOOK_OCR,.json,27824,1,OK,,aiReady|aiReadyLines|aiReadyText|bbox|bookId|cleanText|confidence|height|id|image|lineNumber|lines|pageNumber|rawText|source|text|width|x|y,dd8f9d61c3a36efa6acd65c69714f1d043d8c1ab3a7464e4dda4aa50287df5eb
60,public\ocr\books\class6-english\pages\page-055.json,TEXTBOOK_OCR,.json,19185,1,OK,,aiReady|aiReadyLines|aiReadyText|bbox|bookId|cleanText|confidence|height|id|image|lineNumber|lines|pageNumber|rawText|source|text|width|x|y,5b1e871230f396cc38f04d29ba482416394f50708ecedab54dfd47facd7df062
61,public\ocr\books\class6-english\pages\page-056.json,TEXTBOOK_OCR,.json,20167,1,OK,,aiReady|aiReadyLines|aiReadyText|bbox|bookId|cleanText|confidence|height|id|image|lineNumber|lines|pageNumber|rawText|source|text|width|x|y,7bf491c8b97d70c13efd084e38ff37c9e46755530723e15466403018a4c86ca8
62,public\ocr\books\class6-english\pages\page-057.json,TEXTBOOK_OCR,.json,14909,1,OK,,aiReady|aiReadyLines|aiReadyText|bbox|bookId|cleanText|confidence|height|id|image|lineNumber|lines|pageNumber|rawText|source|text|width|x|y,789ef506e8b1e7fdf03d5874c26f1654418a5ab14406c4f3bc49a67f267cd1d3
63,public\ocr\books\class6-english\pages\page-058.json,TEXTBOOK_OCR,.json,25451,1,OK,,aiReady|aiReadyLines|aiReadyText|bbox|bookId|cleanText|confidence|height|id|image|lineNumber|lines|pageNumber|rawText|source|text|width|x|y,96eab6e84368d6539d39e17f40a33abf6ca91b6f4641e8d68f0e95077231ca3c
64,public\ocr\books\class6-english\pages\page-059.json,TEXTBOOK_OCR,.json,8344,1,OK,,aiReady|aiReadyLines|aiReadyText|bbox|bookId|cleanText|confidence|height|id|image|lineNumber|lines|pageNumber|rawText|source|text|width|x|y,6b19b9ea86d0db84963aa6aeca1a374beecfe5828e5648df3004c7f8bfc1ade8
65,public\ocr\books\class6-english\pages\page-060.json,TEXTBOOK_OCR,.json,8137,1,OK,,aiReady|aiReadyLines|aiReadyText|bbox|bookId|cleanText|confidence|height|id|image|lineNumber|lines|pageNumber|rawText|source|text|width|x|y,a73d4d7ab11b74f533e9bf7838cdc657c26050f34e13586fbd02b681230de481
66,public\ocr\books\class6-english\pages\page-061.json,TEXTBOOK_OCR,.json,20282,1,OK,,aiReady|aiReadyLines|aiReadyText|bbox|bookId|cleanText|confidence|height|id|image|lineNumber|lines|pageNumber|rawText|source|text|width|x|y,2dd44c392242a0aae34586a305f1b39718e1c35dff848ddb4294cd54117b8f25
67,public\ocr\books\class6-english\pages\page-062.json,TEXTBOOK_OCR,.json,13765,1,OK,,aiReady|aiReadyLines|aiReadyText|bbox|bookId|cleanText|confidence|height|id|image|lineNumber|lines|pageNumber|rawText|source|text|width|x|y,48422561ea4d10f1a6c982565786a989ac46919679e49704351a9217e6178a42
68,public\ocr\books\class6-english\pages\page-063.json,TEXTBOOK_OCR,.json,16455,1,OK,,aiReady|aiReadyLines|aiReadyText|bbox|bookId|cleanText|confidence|height|id|image|lineNumber|lines|pageNumber|rawText|source|text|width|x|y,6781b45979b33007a643626f7d6f8ab9c14e33c7c6cd4910c7dc37d8577f88a3
69,public\ocr\books\class6-english\pages\page-064.json,TEXTBOOK_OCR,.json,11014,1,OK,,aiReady|aiReadyLines|aiReadyText|bbox|bookId|cleanText|confidence|height|id|image|lineNumber|lines|pageNumber|rawText|source|text|width|x|y,796fea1a2dddc0961ababa552bfd803a9fa296fab2e22e90b1b58402fc6de41b
70,public\ocr\books\class6-english\pages\page-065.json,TEXTBOOK_OCR,.json,20076,1,OK,,aiReady|aiReadyLines|aiReadyText|bbox|bookId|cleanText|confidence|height|id|image|lineNumber|lines|pageNumber|rawText|source|text|width|x|y,8fe89667062467aecbe40411144588e838da50ac91a4ac4cd27c0c3ff4b66ce5
71,public\ocr\books\class6-english\pages\page-066.json,TEXTBOOK_OCR,.json,20189,1,OK,,aiReady|aiReadyLines|aiReadyText|bbox|bookId|cleanText|confidence|height|id|image|lineNumber|lines|pageNumber|rawText|source|text|width|x|y,6828d8409d11fdd80bc85666461276387e05e79bcf6160b456be87df82e2a63e
72,public\ocr\books\class6-english\pages\page-067.json,TEXTBOOK_OCR,.json,19701,1,OK,,aiReady|aiReadyLines|aiReadyText|bbox|bookId|cleanText|confidence|height|id|image|lineNumber|lines|pageNumber|rawText|source|text|width|x|y,a8a1967b8c9de969f6ac8a3c06e5d417ff50c0fd23e612f9f6677e257d341869
73,public\ocr\books\class6-english\pages\page-068.json,TEXTBOOK_OCR,.json,22151,1,OK,,aiReady|aiReadyLines|aiReadyText|bbox|bookId|cleanText|confidence|height|id|image|lineNumber|lines|pageNumber|rawText|source|text|width|x|y,3f25011f33fa902d86e31e9bb6b48dc9b9a9734c53058e11e48690f07a0db48a
74,public\ocr\books\class6-english\pages\page-069.json,TEXTBOOK_OCR,.json,28843,1,OK,,aiReady|aiReadyLines|aiReadyText|bbox|bookId|cleanText|confidence|height|id|image|lineNumber|lines|pageNumber|rawText|source|text|width|x|y,6b5a93c0d3c0ee3204f6f0faf3422de8c1083b034de961637bf26dbc8ca6cb9e
75,public\ocr\books\class6-english\pages\page-070.json,TEXTBOOK_OCR,.json,26293,1,OK,,aiReady|aiReadyLines|aiReadyText|bbox|bookId|cleanText|confidence|height|id|image|lineNumber|lines|pageNumber|rawText|source|text|width|x|y,6651a448df008997d04a8660228d256e5b7262b7093d3794821299a6f8094bac
76,public\ocr\books\class6-english\pages\page-071.json,TEXTBOOK_OCR,.json,21264,1,OK,,aiReady|aiReadyLines|aiReadyText|bbox|bookId|cleanText|confidence|height|id|image|lineNumber|lines|pageNumber|rawText|source|text|width|x|y,66282d48266d6ea4cde0f68f414081e5469b25c14150cb9dd99f8e6e5e961c03
77,public\ocr\books\class6-english\pages\page-072.json,TEXTBOOK_OCR,.json,26666,1,OK,,aiReady|aiReadyLines|aiReadyText|bbox|bookId|cleanText|confidence|height|id|image|lineNumber|lines|pageNumber|rawText|source|text|width|x|y,40be2a6c3d817ba4c422378e26eb87dc5621998f4ea8108231debfc689828895
78,public\ocr\books\class6-english\pages\page-073.json,TEXTBOOK_OCR,.json,20465,1,OK,,aiReady|aiReadyLines|aiReadyText|bbox|bookId|cleanText|confidence|height|id|image|lineNumber|lines|pageNumber|rawText|source|text|width|x|y,ec436af6c5d07d47bab90b8f553dae0c2b90c333cf2f075ad2928081559e0bf8
79,public\ocr\books\class6-english\pages\page-074.json,TEXTBOOK_OCR,.json,24764,1,OK,,aiReady|aiReadyLines|aiReadyText|bbox|bookId|cleanText|confidence|height|id|image|lineNumber|lines|pageNumber|rawText|source|text|width|x|y,4b288808873311f24a0560f42f0da978062f34ba3005ea45b3df4bc58ae0c1af
80,public\ocr\books\class6-english\pages\page-075.json,TEXTBOOK_OCR,.json,17138,1,OK,,aiReady|aiReadyLines|aiReadyText|bbox|bookId|cleanText|confidence|height|id|image|lineNumber|lines|pageNumber|rawText|source|text|width|x|y,a18ea4e468504e87f90dcbd80bb66bf8ed8478f22e7c2c59455c32274738b930
81,public\ocr\books\class6-english\pages\page-076.json,TEXTBOOK_OCR,.json,21879,1,OK,,aiReady|aiReadyLines|aiReadyText|bbox|bookId|cleanText|confidence|height|id|image|lineNumber|lines|pageNumber|rawText|source|text|width|x|y,f5f306ac933b07c610d2d850aabe8ba225df7364d8d02a1bf51c5d0bdefaf47d
82,public\ocr\books\class6-english\pages\page-077.json,TEXTBOOK_OCR,.json,19555,1,OK,,aiReady|aiReadyLines|aiReadyText|bbox|bookId|cleanText|confidence|height|id|image|lineNumber|lines|pageNumber|rawText|source|text|width|x|y,6ed3f628565be2c0e78ad972ac0154a06ad9cd091a34e802d76b78a370a5f6e2
83,public\ocr\books\class6-english\pages\page-078.json,TEXTBOOK_OCR,.json,14286,1,OK,,aiReady|aiReadyLines|aiReadyText|bbox|bookId|cleanText|confidence|height|id|image|lineNumber|lines|pageNumber|rawText|source|text|width|x|y,3102878139df6aabc11c55513af32af657c7f2fb22568810b57ec3771e839224
84,public\ocr\books\class6-english\pages\page-079.json,TEXTBOOK_OCR,.json,20614,1,OK,,aiReady|aiReadyLines|aiReadyText|bbox|bookId|cleanText|confidence|height|id|image|lineNumber|lines|pageNumber|rawText|source|text|width|x|y,e576275d88931ee0f460b135db78233761d52522bc939cc068a0c4e1e2fa80f9
85,public\ocr\books\class6-english\pages\page-080.json,TEXTBOOK_OCR,.json,25510,1,OK,,aiReady|aiReadyLines|aiReadyText|bbox|bookId|cleanText|confidence|height|id|image|lineNumber|lines|pageNumber|rawText|source|text|width|x|y,cbb96b32d86fafc4e00c22ce2b079ee534b10ecfb5697a5128bf7bd958077b52
86,public\ocr\books\class6-english\pages\page-081.json,TEXTBOOK_OCR,.json,28095,1,OK,,aiReady|aiReadyLines|aiReadyText|bbox|bookId|cleanText|confidence|height|id|image|lineNumber|lines|pageNumber|rawText|source|text|width|x|y,a1b0552da2ecf38a08ce97993908a4b68ba540e4a22497d5cfb23c673165d51b
87,public\ocr\books\class6-english\pages\page-082.json,TEXTBOOK_OCR,.json,26613,1,OK,,aiReady|aiReadyLines|aiReadyText|bbox|bookId|cleanText|confidence|height|id|image|lineNumber|lines|pageNumber|rawText|source|text|width|x|y,25577b589e0442f2674d8c2e5d8c86238d133a7c8da6024f1cce807aeb9822d1
88,public\ocr\books\class6-english\pages\page-083.json,TEXTBOOK_OCR,.json,12288,1,OK,,aiReady|aiReadyLines|aiReadyText|bbox|bookId|cleanText|confidence|height|id|image|lineNumber|lines|pageNumber|rawText|source|text|width|x|y,2b7a13ed486af00c401df6de1c79077962d5596940a75c4aa6cd2eb780799c51
89,public\ocr\books\class6-english\pages\page-084.json,TEXTBOOK_OCR,.json,25375,1,OK,,aiReady|aiReadyLines|aiReadyText|bbox|bookId|cleanText|confidence|height|id|image|lineNumber|lines|pageNumber|rawText|source|text|width|x|y,61b7cd0ae3282b36a8964e6c4fa6bd86e2b21b6735cbd72243844db5cb47ca55
90,public\ocr\books\class6-english\pages\page-085.json,TEXTBOOK_OCR,.json,14633,1,OK,,aiReady|aiReadyLines|aiReadyText|bbox|bookId|cleanText|confidence|height|id|image|lineNumber|lines|pageNumber|rawText|source|text|width|x|y,de087991016d2dcaa0c0f4e16c275722c30d2a454c2a3e482b5fff93b00da218
91,public\ocr\books\class6-english\pages\page-086.json,TEXTBOOK_OCR,.json,11427,1,OK,,aiReady|aiReadyLines|aiReadyText|bbox|bookId|cleanText|confidence|height|id|image|lineNumber|lines|pageNumber|rawText|source|text|width|x|y,a46a2e941e11fab58ec585930e6e72269faf934e488980a5ccd7f6a1aad62d44
92,public\ocr\books\class6-english\pages\page-087.json,TEXTBOOK_OCR,.json,18357,1,OK,,aiReady|aiReadyLines|aiReadyText|bbox|bookId|cleanText|confidence|height|id|image|lineNumber|lines|pageNumber|rawText|source|text|width|x|y,29acaed42c79c865200c6b4c139af2a6e893b482fcf3be890aa312f8d2275ef0
93,public\ocr\books\class6-english\pages\page-088.json,TEXTBOOK_OCR,.json,18536,1,OK,,aiReady|aiReadyLines|aiReadyText|bbox|bookId|cleanText|confidence|height|id|image|lineNumber|lines|pageNumber|rawText|source|text|width|x|y,cf0ba37fcc45bc6e003fe606ee7dd97b156e8096d42a0334ec7a4bad43fb0ea1
94,public\ocr\books\class6-english\pages\page-089.json,TEXTBOOK_OCR,.json,8461,1,OK,,aiReady|aiReadyLines|aiReadyText|bbox|bookId|cleanText|confidence|height|id|image|lineNumber|lines|pageNumber|rawText|source|text|width|x|y,c4e35007bc746fd836143cdc7eab24b25f218b784b85c182d083754bba7c4d6b
95,public\ocr\books\class6-english\pages\page-090.json,TEXTBOOK_OCR,.json,15590,1,OK,,aiReady|aiReadyLines|aiReadyText|bbox|bookId|cleanText|confidence|height|id|image|lineNumber|lines|pageNumber|rawText|source|text|width|x|y,864652660d04fc663921425788ab86fdcc9cdc8126ff7b660787226a7b629330
96,public\ocr\books\class6-english\pages\page-091.json,TEXTBOOK_OCR,.json,19937,1,OK,,aiReady|aiReadyLines|aiReadyText|bbox|bookId|cleanText|confidence|height|id|image|lineNumber|lines|pageNumber|rawText|source|text|width|x|y,d8f19f2cdf29a9a564bf9f2d668109896aadb95357e6917d58c098f8dd52ceef
97,public\ocr\books\class6-english\pages\page-092.json,TEXTBOOK_OCR,.json,8363,1,OK,,aiReady|aiReadyLines|aiReadyText|bbox|bookId|cleanText|confidence|height|id|image|lineNumber|lines|pageNumber|rawText|source|text|width|x|y,611fe314f5674649ebf7ddc00454ab33bf7bf2e308a3417868fb7f6d65ea7d49
98,public\ocr\books\class6-english\pages\page-093.json,TEXTBOOK_OCR,.json,20777,1,OK,,aiReady|aiReadyLines|aiReadyText|bbox|bookId|cleanText|confidence|height|id|image|lineNumber|lines|pageNumber|rawText|source|text|width|x|y,1bb0dc6d993f5013944c3601d9c3514d9c2a135bccca7a6057a20814ca5374e8
99,public\ocr\books\class6-english\pages\page-094.json,TEXTBOOK_OCR,.json,14595,1,OK,,aiReady|aiReadyLines|aiReadyText|bbox|bookId|cleanText|confidence|height|id|image|lineNumber|lines|pageNumber|rawText|source|text|width|x|y,ffdf1a5101cbe5d27633067755a1bd01ca5f32d33b80e77829684a7797fcdee1
100,public\ocr\books\class6-english\pages\page-095.json,TEXTBOOK_OCR,.json,8771,1,OK,,aiReady|aiReadyLines|aiReadyText|bbox|bookId|cleanText|confidence|height|id|image|lineNumber|lines|pageNumber|rawText|source|text|width|x|y,91936157e48e23b197c74288fee955e53bb416733c88a500a6a5a2b7dcd14c68
101,public\ocr\books\class6-english\pages\page-096.json,TEXTBOOK_OCR,.json,7808,1,OK,,aiReady|aiReadyLines|aiReadyText|bbox|bookId|cleanText|confidence|height|id|image|lineNumber|lines|pageNumber|rawText|source|text|width|x|y,5509def5fb0405456e2035516dada0e20285503a949dde92839e8bbacb4f7f4f
102,public\ocr\books\class6-english\pages\page-097.json,TEXTBOOK_OCR,.json,24742,1,OK,,aiReady|aiReadyLines|aiReadyText|bbox|bookId|cleanText|confidence|height|id|image|lineNumber|lines|pageNumber|rawText|source|text|width|x|y,af0563bc5fd7d5e151742ed9e36dcf987fe19c9796eb31a7cbc2a1e9394b983c
103,public\ocr\books\class6-english\pages\page-098.json,TEXTBOOK_OCR,.json,21835,1,OK,,aiReady|aiReadyLines|aiReadyText|bbox|bookId|cleanText|confidence|height|id|image|lineNumber|lines|pageNumber|rawText|source|text|width|x|y,9e73c80028b001bf5a3a5a2f374b2e51125bf1773a2c5d656742419e6bb4e259
104,public\ocr\books\class6-english\pages\page-099.json,TEXTBOOK_OCR,.json,13628,1,OK,,aiReady|aiReadyLines|aiReadyText|bbox|bookId|cleanText|confidence|height|id|image|lineNumber|lines|pageNumber|rawText|source|text|width|x|y,25dc11cbb628a994b48067aebb7a526c3668ececf0943dd31e352d5478f43e2c
105,public\ocr\books\class6-english\pages\page-100.json,TEXTBOOK_OCR,.json,6406,1,OK,,aiReady|aiReadyLines|aiReadyText|bbox|bookId|cleanText|confidence|height|id|image|lineNumber|lines|pageNumber|rawText|source|text|width|x|y,b6eab9b5b69e7e9fce3a57af67b4af45d3f56d48ff25eee83395642696462ef5
106,public\ocr\books\class6-english\pages\page-101.json,TEXTBOOK_OCR,.json,10395,1,OK,,aiReady|aiReadyLines|aiReadyText|bbox|bookId|cleanText|confidence|height|id|image|lineNumber|lines|pageNumber|rawText|source|text|width|x|y,0b014f59aaa58efc414438a77d6f667bd72f98e9e38b33566f19c7e0c97767d7
107,public\ocr\books\class6-english\pages\page-102.json,TEXTBOOK_OCR,.json,9049,1,OK,,aiReady|aiReadyLines|aiReadyText|bbox|bookId|cleanText|confidence|height|id|image|lineNumber|lines|pageNumber|rawText|source|text|width|x|y,f64ee794679c971cc550c0047cb655d8c2b2fa3eda80b3776b88224b57ded32d
108,public\ocr\books\class6-english\pages\page-103.json,TEXTBOOK_OCR,.json,5690,1,OK,,aiReady|aiReadyLines|aiReadyText|bbox|bookId|cleanText|confidence|height|id|image|lineNumber|lines|pageNumber|rawText|source|text|width|x|y,350ded0e7775079a32aacb4a32abb0651a1aa4a2981b91df02cd7ce364098481
109,public\ocr\books\class6-english\pages\page-104.json,TEXTBOOK_OCR,.json,7850,1,OK,,aiReady|aiReadyLines|aiReadyText|bbox|bookId|cleanText|confidence|height|id|image|lineNumber|lines|pageNumber|rawText|source|text|width|x|y,475a8654976927e943d2e724f7c602a4a61f35720ff7c973fe1df1642a4141fb
110,public\ocr\books\class6-english\pages\page-105.json,TEXTBOOK_OCR,.json,21357,1,OK,,aiReady|aiReadyLines|aiReadyText|bbox|bookId|cleanText|confidence|height|id|image|lineNumber|lines|pageNumber|rawText|source|text|width|x|y,df172dafaec43886cf0e019ab602fb7767fcaa6be2c6b00cb2f8a4c4a4665308
111,public\ocr\books\class6-english\pages\page-106.json,TEXTBOOK_OCR,.json,28183,1,OK,,aiReady|aiReadyLines|aiReadyText|bbox|bookId|cleanText|confidence|height|id|image|lineNumber|lines|pageNumber|rawText|source|text|width|x|y,f0ca6fc47debc272f0c11f22e57cd3240920484f331a527af553c2cd4752d759
112,public\ocr\books\class6-english\pages\page-107.json,TEXTBOOK_OCR,.json,31110,1,OK,,aiReady|aiReadyLines|aiReadyText|bbox|bookId|cleanText|confidence|height|id|image|lineNumber|lines|pageNumber|rawText|source|text|width|x|y,47f314df42bec50451cb9e984b33774ca8efe03e4ebc1122be1e58c6e60618d6
113,public\ocr\books\class6-english\pages\page-108.json,TEXTBOOK_OCR,.json,33020,1,OK,,aiReady|aiReadyLines|aiReadyText|bbox|bookId|cleanText|confidence|height|id|image|lineNumber|lines|pageNumber|rawText|source|text|width|x|y,28fe90bd660859c24cb241535164d33093d83a630cf5ee627bc772020e804166
114,public\ocr\books\class6-english\pages\page-109.json,TEXTBOOK_OCR,.json,19956,1,OK,,aiReady|aiReadyLines|aiReadyText|bbox|bookId|cleanText|confidence|height|id|image|lineNumber|lines|pageNumber|rawText|source|text|width|x|y,0402cf4b74db02e05bc16dd5e092c51ffc6eaccdf6366101826126808c22bab9
115,public\ocr\books\class6-english\pages\page-110.json,TEXTBOOK_OCR,.json,20330,1,OK,,aiReady|aiReadyLines|aiReadyText|bbox|bookId|cleanText|confidence|height|id|image|lineNumber|lines|pageNumber|rawText|source|text|width|x|y,ceed6051b740895c84db7ed7956a95f74359ae27888afc8cdeab989c4b0d4779
116,public\ocr\books\class6-english\pages\page-111.json,TEXTBOOK_OCR,.json,23965,1,OK,,aiReady|aiReadyLines|aiReadyText|bbox|bookId|cleanText|confidence|height|id|image|lineNumber|lines|pageNumber|rawText|source|text|width|x|y,62c8fe8cbee5bc665642cc8a4de9a751d6044925facf07c05f225a312a684e6b
117,public\ocr\books\class6-english\pages\page-112.json,TEXTBOOK_OCR,.json,32749,1,OK,,aiReady|aiReadyLines|aiReadyText|bbox|bookId|cleanText|confidence|height|id|image|lineNumber|lines|pageNumber|rawText|source|text|width|x|y,561ae3a061e497ae5ee035c3a97d1b6c8ae90742b1949c997a472bb93e7cb997
118,public\ocr\books\class6-english\pages\page-113.json,TEXTBOOK_OCR,.json,35379,1,OK,,aiReady|aiReadyLines|aiReadyText|bbox|bookId|cleanText|confidence|height|id|image|lineNumber|lines|pageNumber|rawText|source|text|width|x|y,2b6b75b72c3327f6e7863677d09169f6ef2464dfd36c8c9b495a4932b71c6649
119,public\ocr\books\class6-english\pages\page-114.json,TEXTBOOK_OCR,.json,284,1,OK,,aiReadyLines|aiReadyText|bookId|cleanText|height|image|lines|pageNumber|rawText|source|width,10f78e9bcd74fb288d2d0d45482628ef75eaca3f61cfec1ed46376666f36bb5b
120,public\ocr\books\class6-english\pages\page-115.json,TEXTBOOK_OCR,.json,4586,1,OK,,aiReady|aiReadyLines|aiReadyText|bbox|bookId|cleanText|confidence|height|id|image|lineNumber|lines|pageNumber|rawText|source|text|width|x|y,75f79444dcf937755f06d6f73be5f5b4427ca87f30796f88d67fc8d19c8c891c
121,public\ocr\books\class7-english\index.json,TEXTBOOK_OCR,.json,31676,122,OK,,aiReadyLineCount|bookId|endPage|image|json|lineCount|pageNumber|pages|source|sourcePdf|startPage|title|totalPdfPages,f088ddfb280fbd860969fbce7a365d67a3813b20a4b2267604b65d73056abfd4
122,public\ocr\books\class7-english\pages\page-001.json,TEXTBOOK_OCR,.json,2243,1,OK,,aiReady|aiReadyLines|aiReadyText|bbox|bookId|cleanText|confidence|height|id|image|lineNumber|lines|pageNumber|rawText|source|text|width|x|y,1382e6170f7290db914fe83c5bba2e6fb0ff7bfef0a5dee744c9a29e1b42630c
123,public\ocr\books\class7-english\pages\page-002.json,TEXTBOOK_OCR,.json,3251,1,OK,,aiReady|aiReadyLines|aiReadyText|bbox|bookId|cleanText|confidence|height|id|image|lineNumber|lines|pageNumber|rawText|source|text|width|x|y,11f0616e0863bc5498ccf9478e5a692775825318fba3cda126e21527e65590d1
124,public\ocr\books\class7-english\pages\page-003.json,TEXTBOOK_OCR,.json,10616,1,OK,,aiReady|aiReadyLines|aiReadyText|bbox|bookId|cleanText|confidence|height|id|image|lineNumber|lines|pageNumber|rawText|source|text|width|x|y,3d68d7fd5888e09f5cbe126ddadb0a0de4f4768433307977b7952c2fcf5d4023
125,public\ocr\books\class7-english\pages\page-004.json,TEXTBOOK_OCR,.json,42277,1,OK,,aiReady|aiReadyLines|aiReadyText|bbox|bookId|cleanText|confidence|height|id|image|lineNumber|lines|pageNumber|rawText|source|text|width|x|y,f236c34bde4e96b7ce6f31976484eaeb372ac9c493810c066867944a85dcf70d
126,public\ocr\books\class7-english\pages\page-005.json,TEXTBOOK_OCR,.json,8739,1,OK,,aiReady|aiReadyLines|aiReadyText|bbox|bookId|cleanText|confidence|height|id|image|lineNumber|lines|pageNumber|rawText|source|text|width|x|y,5d999aa63feb26de11414aaef67636956976ebc6940b1c59086f8ac35ff98ba3
127,public\ocr\books\class7-english\pages\page-006.json,TEXTBOOK_OCR,.json,6103,1,OK,,aiReady|aiReadyLines|aiReadyText|bbox|bookId|cleanText|confidence|height|id|image|lineNumber|lines|pageNumber|rawText|source|text|width|x|y,dbc99f772495d80ccea33b0389c6ba66245937d6cd9bf08a081ddab4fd797511
128,public\ocr\books\class7-english\pages\page-007.json,TEXTBOOK_OCR,.json,16031,1,OK,,aiReady|aiReadyLines|aiReadyText|bbox|bookId|cleanText|confidence|height|id|image|lineNumber|lines|pageNumber|rawText|source|text|width|x|y,e5b8caf47308a5183b9064594c816d250bdce31b241bb6cd3a3fa9d68c4bf803
129,public\ocr\books\class7-english\pages\page-008.json,TEXTBOOK_OCR,.json,20242,1,OK,,aiReady|aiReadyLines|aiReadyText|bbox|bookId|cleanText|confidence|height|id|image|lineNumber|lines|pageNumber|rawText|source|text|width|x|y,a1d139bfbce05fcca50ab23d56ec94ae2e15e4ec1c16aa6efdafe09e2b37463c
130,public\ocr\books\class7-english\pages\page-009.json,TEXTBOOK_OCR,.json,14216,1,OK,,aiReady|aiReadyLines|aiReadyText|bbox|bookId|cleanText|confidence|height|id|image|lineNumber|lines|pageNumber|rawText|source|text|width|x|y,e2115bd3e2c96a9a961547fd4b2db3b6b942e1b0231886334e5cd13a0cfe3005
131,public\ocr\books\class7-english\pages\page-010.json,TEXTBOOK_OCR,.json,27032,1,OK,,aiReady|aiReadyLines|aiReadyText|bbox|bookId|cleanText|confidence|height|id|image|lineNumber|lines|pageNumber|rawText|source|text|width|x|y,11f3e76d9c1c158b0fc6d7ca03858ce473aa53161c1738a6bd28bb6f94a40222
132,public\ocr\books\class7-english\pages\page-011.json,TEXTBOOK_OCR,.json,13279,1,OK,,aiReady|aiReadyLines|aiReadyText|bbox|bookId|cleanText|confidence|height|id|image|lineNumber|lines|pageNumber|rawText|source|text|width|x|y,eef254fd3767cca4b9c5f3ef50cfa0c070d0fb713d3dc71233ad602d5e050cdc
133,public\ocr\books\class7-english\pages\page-012.json,TEXTBOOK_OCR,.json,12727,1,OK,,aiReady|aiReadyLines|aiReadyText|bbox|bookId|cleanText|confidence|height|id|image|lineNumber|lines|pageNumber|rawText|source|text|width|x|y,e2514afd4f80a4813de4b30aa9871f2dfa88b0687634333ae98746601eadf478
134,public\ocr\books\class7-english\pages\page-013.json,TEXTBOOK_OCR,.json,18319,1,OK,,aiReady|aiReadyLines|aiReadyText|bbox|bookId|cleanText|confidence|height|id|image|lineNumber|lines|pageNumber|rawText|source|text|width|x|y,dee8e9b5dd860e74b4ca5a51ab6b13d6ab2e7f3749a13c181627df46662cf464
135,public\ocr\books\class7-english\pages\page-014.json,TEXTBOOK_OCR,.json,17912,1,OK,,aiReady|aiReadyLines|aiReadyText|bbox|bookId|cleanText|confidence|height|id|image|lineNumber|lines|pageNumber|rawText|source|text|width|x|y,439d202e8d7e7ad0f193229e182020b1a27a0f743fe779162ed9c1a39d54bd11
136,public\ocr\books\class7-english\pages\page-015.json,TEXTBOOK_OCR,.json,5511,1,OK,,aiReady|aiReadyLines|aiReadyText|bbox|bookId|cleanText|confidence|height|id|image|lineNumber|lines|pageNumber|rawText|source|text|width|x|y,c2a47f5d2e1ee5842b2953e1f3cd7999b82ae4f661b8cb08f9663a52ebb67f6f
137,public\ocr\books\class7-english\pages\page-016.json,TEXTBOOK_OCR,.json,12704,1,OK,,aiReady|aiReadyLines|aiReadyText|bbox|bookId|cleanText|confidence|height|id|image|lineNumber|lines|pageNumber|rawText|source|text|width|x|y,79c1f7215059057f28c53ba23cffcd19eed5f0abb944d4a45313064b970bcef9
138,public\ocr\books\class7-english\pages\page-017.json,TEXTBOOK_OCR,.json,78170,1,OK,,aiReady|aiReadyLines|aiReadyText|bbox|bookId|cleanText|confidence|height|id|image|lineNumber|lines|pageNumber|rawText|source|text|width|x|y,d76f28cb9d95ac3fc68fd8ae28763f6086dbc74fcbed83794ca9d7ff0a4a4718
139,public\ocr\books\class7-english\pages\page-018.json,TEXTBOOK_OCR,.json,26266,1,OK,,aiReady|aiReadyLines|aiReadyText|bbox|bookId|cleanText|confidence|height|id|image|lineNumber|lines|pageNumber|rawText|source|text|width|x|y,0161da92f861dd29d554f1d8026aae5bbfec1ec4dbcdbba3db88df6781de68e3
140,public\ocr\books\class7-english\pages\page-019.json,TEXTBOOK_OCR,.json,20497,1,OK,,aiReady|aiReadyLines|aiReadyText|bbox|bookId|cleanText|confidence|height|id|image|lineNumber|lines|pageNumber|rawText|source|text|width|x|y,015efffa20da6e5921d05a0f0a1e4ed87cd35c0996182bf319ac4c462fe31885
141,public\ocr\books\class7-english\pages\page-020.json,TEXTBOOK_OCR,.json,21907,1,OK,,aiReady|aiReadyLines|aiReadyText|bbox|bookId|cleanText|confidence|height|id|image|lineNumber|lines|pageNumber|rawText|source|text|width|x|y,5ed56c1c122c7535d174b5931de8ffd0c5e7fce3360e295c18d11144b86525c9
142,public\ocr\books\class7-english\pages\page-021.json,TEXTBOOK_OCR,.json,6524,1,OK,,aiReady|aiReadyLines|aiReadyText|bbox|bookId|cleanText|confidence|height|id|image|lineNumber|lines|pageNumber|rawText|source|text|width|x|y,30074bdafdc73d29767a3da2cb608086efd7110a115fbceb5b35d074e24ab404
143,public\ocr\books\class7-english\pages\page-022.json,TEXTBOOK_OCR,.json,25662,1,OK,,aiReady|aiReadyLines|aiReadyText|bbox|bookId|cleanText|confidence|height|id|image|lineNumber|lines|pageNumber|rawText|source|text|width|x|y,0308947bf099d7003ea1a240098e5da3dc88ddcc535b3ce9e67e2729fc1642c1
144,public\ocr\books\class7-english\pages\page-023.json,TEXTBOOK_OCR,.json,21346,1,OK,,aiReady|aiReadyLines|aiReadyText|bbox|bookId|cleanText|confidence|height|id|image|lineNumber|lines|pageNumber|rawText|source|text|width|x|y,83cde147a2b14218d5034886831a0dfc5137b220aeedf9c1bdb206f1cf875399
145,public\ocr\books\class7-english\pages\page-024.json,TEXTBOOK_OCR,.json,18685,1,OK,,aiReady|aiReadyLines|aiReadyText|bbox|bookId|cleanText|confidence|height|id|image|lineNumber|lines|pageNumber|rawText|source|text|width|x|y,8506942c9d39754cdc1abcbab6719399d518cea0325c11ebe7638cb57783bf98
146,public\ocr\books\class7-english\pages\page-025.json,TEXTBOOK_OCR,.json,17933,1,OK,,aiReady|aiReadyLines|aiReadyText|bbox|bookId|cleanText|confidence|height|id|image|lineNumber|lines|pageNumber|rawText|source|text|width|x|y,98fa8e91a9ad38bef9b924424d8f97702a8e7218bccdff3efbf977aa34ede179
147,public\ocr\books\class7-english\pages\page-026.json,TEXTBOOK_OCR,.json,30544,1,OK,,aiReady|aiReadyLines|aiReadyText|bbox|bookId|cleanText|confidence|height|id|image|lineNumber|lines|pageNumber|rawText|source|text|width|x|y,89f8e5f62064fc4a3eeca49f3523fc2671ea1db9b9bfb2f79452b251b7d50cc1
148,public\ocr\books\class7-english\pages\page-027.json,TEXTBOOK_OCR,.json,18307,1,OK,,aiReady|aiReadyLines|aiReadyText|bbox|bookId|cleanText|confidence|height|id|image|lineNumber|lines|pageNumber|rawText|source|text|width|x|y,bab9910a41deb010565684e845efd65e18b64c861dd1c87f4274dcda90ea2865
149,public\ocr\books\class7-english\pages\page-028.json,TEXTBOOK_OCR,.json,25258,1,OK,,aiReady|aiReadyLines|aiReadyText|bbox|bookId|cleanText|confidence|height|id|image|lineNumber|lines|pageNumber|rawText|source|text|width|x|y,546c2ab79f19d4d6018004b607cdbe0815f0540d2c2af2a1d458805a2a1b34c5
150,public\ocr\books\class7-english\pages\page-029.json,TEXTBOOK_OCR,.json,16230,1,OK,,aiReady|aiReadyLines|aiReadyText|bbox|bookId|cleanText|confidence|height|id|image|lineNumber|lines|pageNumber|rawText|source|text|width|x|y,fb68b2b65888f4bec69fdd26ab8319f158493c912fe6c02450ed9cf83bf19bfb
151,public\ocr\books\class7-english\pages\page-030.json,TEXTBOOK_OCR,.json,31825,1,OK,,aiReady|aiReadyLines|aiReadyText|bbox|bookId|cleanText|confidence|height|id|image|lineNumber|lines|pageNumber|rawText|source|text|width|x|y,1b6d3762127bb70e6e280cbf0b521556aff85f0dc35f95f56b38d9f2c0709503
152,public\ocr\books\class7-english\pages\page-031.json,TEXTBOOK_OCR,.json,7934,1,OK,,aiReady|aiReadyLines|aiReadyText|bbox|bookId|cleanText|confidence|height|id|image|lineNumber|lines|pageNumber|rawText|source|text|width|x|y,1978807623813bb1b11408eb6e5b7bb8baad4907702b99f34d5d1594907de5cb
153,public\ocr\books\class7-english\pages\page-032.json,TEXTBOOK_OCR,.json,10228,1,OK,,aiReady|aiReadyLines|aiReadyText|bbox|bookId|cleanText|confidence|height|id|image|lineNumber|lines|pageNumber|rawText|source|text|width|x|y,e547e4b5d16e6728f03557fb51ff742cd2a2ecb91dc280a5a390e7e78959f890
154,public\ocr\books\class7-english\pages\page-033.json,TEXTBOOK_OCR,.json,24362,1,OK,,aiReady|aiReadyLines|aiReadyText|bbox|bookId|cleanText|confidence|height|id|image|lineNumber|lines|pageNumber|rawText|source|text|width|x|y,b316af3e529da8fbc81e83b4a917dce6ffebf2cc2742c8da825d7a2ac932cfd1
155,public\ocr\books\class7-english\pages\page-034.json,TEXTBOOK_OCR,.json,25737,1,OK,,aiReady|aiReadyLines|aiReadyText|bbox|bookId|cleanText|confidence|height|id|image|lineNumber|lines|pageNumber|rawText|source|text|width|x|y,1380c55697d6e86da6d85f3c6ab1e61eba3ae7fc3d08d58ca3b2b8bed16d23f2
156,public\ocr\books\class7-english\pages\page-035.json,TEXTBOOK_OCR,.json,27006,1,OK,,aiReady|aiReadyLines|aiReadyText|bbox|bookId|cleanText|confidence|height|id|image|lineNumber|lines|pageNumber|rawText|source|text|width|x|y,7718a6601b0396e44980eeeab491c1f49444796ef708b64b1bdbf87079aeb311
157,public\ocr\books\class7-english\pages\page-036.json,TEXTBOOK_OCR,.json,20619,1,OK,,aiReady|aiReadyLines|aiReadyText|bbox|bookId|cleanText|confidence|height|id|image|lineNumber|lines|pageNumber|rawText|source|text|width|x|y,16e10033e7ebfefea2c07735efb21d6e1111da3530cc741d77c5f1be7d157548
158,public\ocr\books\class7-english\pages\page-037.json,TEXTBOOK_OCR,.json,26723,1,OK,,aiReady|aiReadyLines|aiReadyText|bbox|bookId|cleanText|confidence|height|id|image|lineNumber|lines|pageNumber|rawText|source|text|width|x|y,9b68be3f02e39159d32290c6c2f302389d43e4aa4485c77d720861489045cfcb
159,public\ocr\books\class7-english\pages\page-038.json,TEXTBOOK_OCR,.json,27862,1,OK,,aiReady|aiReadyLines|aiReadyText|bbox|bookId|cleanText|confidence|height|id|image|lineNumber|lines|pageNumber|rawText|source|text|width|x|y,ec1a7742f8792bfcca532e4600a87c82f12f51ce0d45df03183130bba99f9ccc
160,public\ocr\books\class7-english\pages\page-039.json,TEXTBOOK_OCR,.json,24176,1,OK,,aiReady|aiReadyLines|aiReadyText|bbox|bookId|cleanText|confidence|height|id|image|lineNumber|lines|pageNumber|rawText|source|text|width|x|y,a300deb86d937f87844ba0c34283212801431643c6825ab3cff8acdacac609bb
161,public\ocr\books\class7-english\pages\page-040.json,TEXTBOOK_OCR,.json,24060,1,OK,,aiReady|aiReadyLines|aiReadyText|bbox|bookId|cleanText|confidence|height|id|image|lineNumber|lines|pageNumber|rawText|source|text|width|x|y,bfff4743011ef364652664386658c75cffd98aa4c0f3c2d4c4c62ec5da0585c9
162,public\ocr\books\class7-english\pages\page-041.json,TEXTBOOK_OCR,.json,18691,1,OK,,aiReady|aiReadyLines|aiReadyText|bbox|bookId|cleanText|confidence|height|id|image|lineNumber|lines|pageNumber|rawText|source|text|width|x|y,dadf3365649de61e507611f5001529ec2cbbc254c785968ebdecd3abb2b3b031
163,public\ocr\books\class7-english\pages\page-042.json,TEXTBOOK_OCR,.json,28165,1,OK,,aiReady|aiReadyLines|aiReadyText|bbox|bookId|cleanText|confidence|height|id|image|lineNumber|lines|pageNumber|rawText|source|text|width|x|y,a29b96acc7dd74e66c87c291d1f2c0978e44c0d35cebcf1a351b37f4f328f6d1
164,public\ocr\books\class7-english\pages\page-043.json,TEXTBOOK_OCR,.json,29281,1,OK,,aiReady|aiReadyLines|aiReadyText|bbox|bookId|cleanText|confidence|height|id|image|lineNumber|lines|pageNumber|rawText|source|text|width|x|y,1e4a96ea618d62864c6d5345c08955bf76063736b04f9b46ba50b15e5288288d
165,public\ocr\books\class7-english\pages\page-044.json,TEXTBOOK_OCR,.json,13571,1,OK,,aiReady|aiReadyLines|aiReadyText|bbox|bookId|cleanText|confidence|height|id|image|lineNumber|lines|pageNumber|rawText|source|text|width|x|y,18568aff139a3923f039cc2f52e59a44ccff626f252bda6de8ad2af811e44841
166,public\ocr\books\class7-english\pages\page-045.json,TEXTBOOK_OCR,.json,23479,1,OK,,aiReady|aiReadyLines|aiReadyText|bbox|bookId|cleanText|confidence|height|id|image|lineNumber|lines|pageNumber|rawText|source|text|width|x|y,ee13180c9c650be2e3a2adb1f7fb5b43d6895586213fe3c9a45b949d8e2f7d20
167,public\ocr\books\class7-english\pages\page-046.json,TEXTBOOK_OCR,.json,34725,1,OK,,aiReady|aiReadyLines|aiReadyText|bbox|bookId|cleanText|confidence|height|id|image|lineNumber|lines|pageNumber|rawText|source|text|width|x|y,06a170d7ae60dfe0cdd0b921fa990983a267a47f456fd13ebc72893df67c6e1d
168,public\ocr\books\class7-english\pages\page-047.json,TEXTBOOK_OCR,.json,31417,1,OK,,aiReady|aiReadyLines|aiReadyText|bbox|bookId|cleanText|confidence|height|id|image|lineNumber|lines|pageNumber|rawText|source|text|width|x|y,fc910c28af735fc340b63831dce312a40ca043b75f52c4f9162432fceb302040
169,public\ocr\books\class7-english\pages\page-048.json,TEXTBOOK_OCR,.json,9307,1,OK,,aiReady|aiReadyLines|aiReadyText|bbox|bookId|cleanText|confidence|height|id|image|lineNumber|lines|pageNumber|rawText|source|text|width|x|y,a6ba0f67d0c294f703c4aaa4d0012001a68542f44e505b748f077a8e3112168a
170,public\ocr\books\class7-english\pages\page-049.json,TEXTBOOK_OCR,.json,17746,1,OK,,aiReady|aiReadyLines|aiReadyText|bbox|bookId|cleanText|confidence|height|id|image|lineNumber|lines|pageNumber|rawText|source|text|width|x|y,1e022e7a9e87ab838939847945ff0d008edb70634ea825826057fb77e2116b8b
171,public\ocr\books\class7-english\pages\page-050.json,TEXTBOOK_OCR,.json,27098,1,OK,,aiReady|aiReadyLines|aiReadyText|bbox|bookId|cleanText|confidence|height|id|image|lineNumber|lines|pageNumber|rawText|source|text|width|x|y,6dfbb3a5afe7dae8a65d7dd3468dde6624e1077fcb0fd92f06af626af407703d
172,public\ocr\books\class7-english\pages\page-051.json,TEXTBOOK_OCR,.json,21200,1,OK,,aiReady|aiReadyLines|aiReadyText|bbox|bookId|cleanText|confidence|height|id|image|lineNumber|lines|pageNumber|rawText|source|text|width|x|y,d307ff8e96e7f656528d5a734d08d563ad72b861dc5c1fd46d44858746076c35
173,public\ocr\books\class7-english\pages\page-052.json,TEXTBOOK_OCR,.json,28459,1,OK,,aiReady|aiReadyLines|aiReadyText|bbox|bookId|cleanText|confidence|height|id|image|lineNumber|lines|pageNumber|rawText|source|text|width|x|y,7ddee040437dbc24e9ea145f0e1fc5acde473c95b88faaaa3c1c0946cdc7b049
174,public\ocr\books\class7-english\pages\page-053.json,TEXTBOOK_OCR,.json,7188,1,OK,,aiReady|aiReadyLines|aiReadyText|bbox|bookId|cleanText|confidence|height|id|image|lineNumber|lines|pageNumber|rawText|source|text|width|x|y,687bd8dd9ff553c107b38b8a33708aed293f566146e12d79a20a05f287fe3ed6
175,public\ocr\books\class7-english\pages\page-054.json,TEXTBOOK_OCR,.json,25287,1,OK,,aiReady|aiReadyLines|aiReadyText|bbox|bookId|cleanText|confidence|height|id|image|lineNumber|lines|pageNumber|rawText|source|text|width|x|y,bcd700c27a02fc2aaafb63b8b58d083d87cc29ba98c2567a3281b7acf639f7aa
176,public\ocr\books\class7-english\pages\page-055.json,TEXTBOOK_OCR,.json,17922,1,OK,,aiReady|aiReadyLines|aiReadyText|bbox|bookId|cleanText|confidence|height|id|image|lineNumber|lines|pageNumber|rawText|source|text|width|x|y,c72a8a739fac9db0d2ef9747c9db6e5bf161d9c83867ad8b0eb9fd937edfbeb4
177,public\ocr\books\class7-english\pages\page-056.json,TEXTBOOK_OCR,.json,26578,1,OK,,aiReady|aiReadyLines|aiReadyText|bbox|bookId|cleanText|confidence|height|id|image|lineNumber|lines|pageNumber|rawText|source|text|width|x|y,7abe823f8d70c118c3870500f5e808a0765b5f68debb0e247f77e146bf11d628
178,public\ocr\books\class7-english\pages\page-057.json,TEXTBOOK_OCR,.json,25908,1,OK,,aiReady|aiReadyLines|aiReadyText|bbox|bookId|cleanText|confidence|height|id|image|lineNumber|lines|pageNumber|rawText|source|text|width|x|y,2707e5205f9d29871127a02c92e6b7030442fd16f60712d26da657f553327e65
179,public\ocr\books\class7-english\pages\page-058.json,TEXTBOOK_OCR,.json,18645,1,OK,,aiReady|aiReadyLines|aiReadyText|bbox|bookId|cleanText|confidence|height|id|image|lineNumber|lines|pageNumber|rawText|source|text|width|x|y,b9105bae0b5a991c9ccea420686fc576a759ee2b6d213441ad109ace4ee447d4
180,public\ocr\books\class7-english\pages\page-059.json,TEXTBOOK_OCR,.json,23773,1,OK,,aiReady|aiReadyLines|aiReadyText|bbox|bookId|cleanText|confidence|height|id|image|lineNumber|lines|pageNumber|rawText|source|text|width|x|y,5e4a171dc51e0528756061bf6314f10d2adf7864f439203d6ec327f393747b3f
181,public\ocr\books\class7-english\pages\page-060.json,TEXTBOOK_OCR,.json,6437,1,OK,,aiReady|aiReadyLines|aiReadyText|bbox|bookId|cleanText|confidence|height|id|image|lineNumber|lines|pageNumber|rawText|source|text|width|x|y,5f442ffb2a4cf11dc0efacd98afe619b94437d043711e342f26f7fdb89974509
182,public\ocr\books\class7-english\pages\page-061.json,TEXTBOOK_OCR,.json,20894,1,OK,,aiReady|aiReadyLines|aiReadyText|bbox|bookId|cleanText|confidence|height|id|image|lineNumber|lines|pageNumber|rawText|source|text|width|x|y,c8fefadccdbb9f0e2e86e95bae3f33192b3af051aeca4204f317183a396f20dc
183,public\ocr\books\class7-english\pages\page-062.json,TEXTBOOK_OCR,.json,19766,1,OK,,aiReady|aiReadyLines|aiReadyText|bbox|bookId|cleanText|confidence|height|id|image|lineNumber|lines|pageNumber|rawText|source|text|width|x|y,68f3ee7de033f6086b0621242fcabaa96befc6da40b4d21f8d76e50f81b26e52
184,public\ocr\books\class7-english\pages\page-063.json,TEXTBOOK_OCR,.json,17437,1,OK,,aiReady|aiReadyLines|aiReadyText|bbox|bookId|cleanText|confidence|height|id|image|lineNumber|lines|pageNumber|rawText|source|text|width|x|y,0cc0f90decb17e687a220140cbb1f1677414d03d2fc17bb55bddc9b8b0f28516
185,public\ocr\books\class7-english\pages\page-064.json,TEXTBOOK_OCR,.json,23977,1,OK,,aiReady|aiReadyLines|aiReadyText|bbox|bookId|cleanText|confidence|height|id|image|lineNumber|lines|pageNumber|rawText|source|text|width|x|y,8a9d2139f133e460bcaa0c027b06fd52d223151de609afc70186bc7ec0ba92f9
186,public\ocr\books\class7-english\pages\page-065.json,TEXTBOOK_OCR,.json,17646,1,OK,,aiReady|aiReadyLines|aiReadyText|bbox|bookId|cleanText|confidence|height|id|image|lineNumber|lines|pageNumber|rawText|source|text|width|x|y,fb283775419a97b4ead4803704088e88282d3260b9f098985110ac53521059f1
187,public\ocr\books\class7-english\pages\page-066.json,TEXTBOOK_OCR,.json,21288,1,OK,,aiReady|aiReadyLines|aiReadyText|bbox|bookId|cleanText|confidence|height|id|image|lineNumber|lines|pageNumber|rawText|source|text|width|x|y,338fc71471fe02c31a320630a86be4539970e2b3a80c83efece28aa56ff49323
188,public\ocr\books\class7-english\pages\page-067.json,TEXTBOOK_OCR,.json,26173,1,OK,,aiReady|aiReadyLines|aiReadyText|bbox|bookId|cleanText|confidence|height|id|image|lineNumber|lines|pageNumber|rawText|source|text|width|x|y,221cee53d9e8464564928ee1a4cafcb8964c2d8dfec865e94eee9be118256466
189,public\ocr\books\class7-english\pages\page-068.json,TEXTBOOK_OCR,.json,26605,1,OK,,aiReady|aiReadyLines|aiReadyText|bbox|bookId|cleanText|confidence|height|id|image|lineNumber|lines|pageNumber|rawText|source|text|width|x|y,d71cafcda95e569b630c55cccc7ca159aa9c1684707c6d5d32d77123cbb942a6
190,public\ocr\books\class7-english\pages\page-069.json,TEXTBOOK_OCR,.json,25246,1,OK,,aiReady|aiReadyLines|aiReadyText|bbox|bookId|cleanText|confidence|height|id|image|lineNumber|lines|pageNumber|rawText|source|text|width|x|y,5ca3053e8356bc1cfdbe54cf35765a64d63eb0d7d53692c5df7955983afe176e
191,public\ocr\books\class7-english\pages\page-070.json,TEXTBOOK_OCR,.json,17349,1,OK,,aiReady|aiReadyLines|aiReadyText|bbox|bookId|cleanText|confidence|height|id|image|lineNumber|lines|pageNumber|rawText|source|text|width|x|y,05551bbe8f232b40760168cd20f6257f815c4dcc37bf837c94126a73b86a4b29
192,public\ocr\books\class7-english\pages\page-071.json,TEXTBOOK_OCR,.json,18254,1,OK,,aiReady|aiReadyLines|aiReadyText|bbox|bookId|cleanText|confidence|height|id|image|lineNumber|lines|pageNumber|rawText|source|text|width|x|y,0385f41c5a564a7c6a8536694f05efc553076c89972826b3fec7c2033cd47735
193,public\ocr\books\class7-english\pages\page-072.json,TEXTBOOK_OCR,.json,23316,1,OK,,aiReady|aiReadyLines|aiReadyText|bbox|bookId|cleanText|confidence|height|id|image|lineNumber|lines|pageNumber|rawText|source|text|width|x|y,101d6548499bdf18eb9270ec8997c58e90a911cec549c151c58a5469d516cfd3
194,public\ocr\books\class7-english\pages\page-073.json,TEXTBOOK_OCR,.json,22875,1,OK,,aiReady|aiReadyLines|aiReadyText|bbox|bookId|cleanText|confidence|height|id|image|lineNumber|lines|pageNumber|rawText|source|text|width|x|y,95e823949c68a3320dcbee981f10ccce7aedc232cbab324b6bfb13000307b165
195,public\ocr\books\class7-english\pages\page-074.json,TEXTBOOK_OCR,.json,10883,1,OK,,aiReady|aiReadyLines|aiReadyText|bbox|bookId|cleanText|confidence|height|id|image|lineNumber|lines|pageNumber|rawText|source|text|width|x|y,624ccb12cfb4f5dac77a1f85f21671f5e30fd22e8a62171bc7424393e80afc6d
196,public\ocr\books\class7-english\pages\page-075.json,TEXTBOOK_OCR,.json,23407,1,OK,,aiReady|aiReadyLines|aiReadyText|bbox|bookId|cleanText|confidence|height|id|image|lineNumber|lines|pageNumber|rawText|source|text|width|x|y,7a0dafebe62f007c18f0b124dbbc6ea98f902f1c69c0ea1c77745afbfb52ce39
197,public\ocr\books\class7-english\pages\page-076.json,TEXTBOOK_OCR,.json,13626,1,OK,,aiReady|aiReadyLines|aiReadyText|bbox|bookId|cleanText|confidence|height|id|image|lineNumber|lines|pageNumber|rawText|source|text|width|x|y,acac78b78f3a26a881b8405ab9512cb7a0128de4de23aabc86105208ed02dae8
198,public\ocr\books\class7-english\pages\page-077.json,TEXTBOOK_OCR,.json,7974,1,OK,,aiReady|aiReadyLines|aiReadyText|bbox|bookId|cleanText|confidence|height|id|image|lineNumber|lines|pageNumber|rawText|source|text|width|x|y,6d948367216d0845e5d2a64f709bcab48d8f2f80683d678d3709271653ffac14
199,public\ocr\books\class7-english\pages\page-078.json,TEXTBOOK_OCR,.json,12577,1,OK,,aiReady|aiReadyLines|aiReadyText|bbox|bookId|cleanText|confidence|height|id|image|lineNumber|lines|pageNumber|rawText|source|text|width|x|y,1a59550dc978a8a30d0c70f1801f5093d9629ac48306fab6fb34c96e40e6093b
200,public\ocr\books\class7-english\pages\page-079.json,TEXTBOOK_OCR,.json,19575,1,OK,,aiReady|aiReadyLines|aiReadyText|bbox|bookId|cleanText|confidence|height|id|image|lineNumber|lines|pageNumber|rawText|source|text|width|x|y,aad3efdab83d3a6f471de43493cbf135d44325299d10a738dfa142deea3718f5
201,public\ocr\books\class7-english\pages\page-080.json,TEXTBOOK_OCR,.json,18383,1,OK,,aiReady|aiReadyLines|aiReadyText|bbox|bookId|cleanText|confidence|height|id|image|lineNumber|lines|pageNumber|rawText|source|text|width|x|y,d84b7e09443c3faa9c48e830f876004424e763c358fcc13e409023aa057fe89d
202,public\ocr\books\class7-english\pages\page-081.json,TEXTBOOK_OCR,.json,22765,1,OK,,aiReady|aiReadyLines|aiReadyText|bbox|bookId|cleanText|confidence|height|id|image|lineNumber|lines|pageNumber|rawText|source|text|width|x|y,b8ccdf4f2337e96119bca352cc285340c6410cedbe0281453f067f4ccec9a683
203,public\ocr\books\class7-english\pages\page-082.json,TEXTBOOK_OCR,.json,26658,1,OK,,aiReady|aiReadyLines|aiReadyText|bbox|bookId|cleanText|confidence|height|id|image|lineNumber|lines|pageNumber|rawText|source|text|width|x|y,9880514b0ea9f84e36b74b995522994f4dad52272214c74fdbf9e3f2995597ec
204,public\ocr\books\class7-english\pages\page-083.json,TEXTBOOK_OCR,.json,14922,1,OK,,aiReady|aiReadyLines|aiReadyText|bbox|bookId|cleanText|confidence|height|id|image|lineNumber|lines|pageNumber|rawText|source|text|width|x|y,8342369d6c116d3b64feccc0bfa1d4580b4a0d15e0307558ae861ce259c798db
205,public\ocr\books\class7-english\pages\page-084.json,TEXTBOOK_OCR,.json,20679,1,OK,,aiReady|aiReadyLines|aiReadyText|bbox|bookId|cleanText|confidence|height|id|image|lineNumber|lines|pageNumber|rawText|source|text|width|x|y,d0513fed38320af262fb28c3e0445a496372f20f176c4ef5ff3ba2b645c77d6c
206,public\ocr\books\class7-english\pages\page-085.json,TEXTBOOK_OCR,.json,13955,1,OK,,aiReady|aiReadyLines|aiReadyText|bbox|bookId|cleanText|confidence|height|id|image|lineNumber|lines|pageNumber|rawText|source|text|width|x|y,3381a252ef6b698dd960ab3307530e7baa03e2364933282bcd892880e3cece61
207,public\ocr\books\class7-english\pages\page-086.json,TEXTBOOK_OCR,.json,26354,1,OK,,aiReady|aiReadyLines|aiReadyText|bbox|bookId|cleanText|confidence|height|id|image|lineNumber|lines|pageNumber|rawText|source|text|width|x|y,b6a74e868f8003b54d2fa81047960d6b7e25e6e0c389af49d6c2f692354acb59
208,public\ocr\books\class7-english\pages\page-087.json,TEXTBOOK_OCR,.json,19462,1,OK,,aiReady|aiReadyLines|aiReadyText|bbox|bookId|cleanText|confidence|height|id|image|lineNumber|lines|pageNumber|rawText|source|text|width|x|y,7580a9124061434d180c2075c625f354716faa25f5c83436fe44e96d7fd0a973
209,public\ocr\books\class7-english\pages\page-088.json,TEXTBOOK_OCR,.json,27905,1,OK,,aiReady|aiReadyLines|aiReadyText|bbox|bookId|cleanText|confidence|height|id|image|lineNumber|lines|pageNumber|rawText|source|text|width|x|y,17b5ef1cd221db2e784cf287ca538a76fcc872658bbdce5094cd44a5a837b083
210,public\ocr\books\class7-english\pages\page-089.json,TEXTBOOK_OCR,.json,20924,1,OK,,aiReady|aiReadyLines|aiReadyText|bbox|bookId|cleanText|confidence|height|id|image|lineNumber|lines|pageNumber|rawText|source|text|width|x|y,5189b537a52daf092afcd52668b9cc9428f670ea3266e612150766548e49e1df
211,public\ocr\books\class7-english\pages\page-090.json,TEXTBOOK_OCR,.json,26768,1,OK,,aiReady|aiReadyLines|aiReadyText|bbox|bookId|cleanText|confidence|height|id|image|lineNumber|lines|pageNumber|rawText|source|text|width|x|y,022fe6ed692eba64cb9da4b486b747da54b740680a68f845ced692027ef726f1
212,public\ocr\books\class7-english\pages\page-091.json,TEXTBOOK_OCR,.json,7430,1,OK,,aiReady|aiReadyLines|aiReadyText|bbox|bookId|cleanText|confidence|height|id|image|lineNumber|lines|pageNumber|rawText|source|text|width|x|y,f7fd09a43e5fe661f24bfc5f9a1daf6c25c6f733ec838e51ba46c2e12506a4f6
213,public\ocr\books\class7-english\pages\page-092.json,TEXTBOOK_OCR,.json,28413,1,OK,,aiReady|aiReadyLines|aiReadyText|bbox|bookId|cleanText|confidence|height|id|image|lineNumber|lines|pageNumber|rawText|source|text|width|x|y,cb220e695089161186d56dd6c074fcc44b62449a0782a15ec5963ca99fd5e730
214,public\ocr\books\class7-english\pages\page-093.json,TEXTBOOK_OCR,.json,28514,1,OK,,aiReady|aiReadyLines|aiReadyText|bbox|bookId|cleanText|confidence|height|id|image|lineNumber|lines|pageNumber|rawText|source|text|width|x|y,54eed76e0b62f82f162260986b9074faa050868806f2188bfac5db2e7d0c3f98
215,public\ocr\books\class7-english\pages\page-094.json,TEXTBOOK_OCR,.json,24057,1,OK,,aiReady|aiReadyLines|aiReadyText|bbox|bookId|cleanText|confidence|height|id|image|lineNumber|lines|pageNumber|rawText|source|text|width|x|y,03685f439d436d93078eb5cb2fa17858d6ef8d526750b26d2ca59f393cf7ae5f
216,public\ocr\books\class7-english\pages\page-095.json,TEXTBOOK_OCR,.json,9055,1,OK,,aiReady|aiReadyLines|aiReadyText|bbox|bookId|cleanText|confidence|height|id|image|lineNumber|lines|pageNumber|rawText|source|text|width|x|y,64176ceb832836015ad2e2e6ccf6c36b2cee244bd7c7460bba749510f73a6abd
217,public\ocr\books\class7-english\pages\page-096.json,TEXTBOOK_OCR,.json,32879,1,OK,,aiReady|aiReadyLines|aiReadyText|bbox|bookId|cleanText|confidence|height|id|image|lineNumber|lines|pageNumber|rawText|source|text|width|x|y,244d0a79876a69df95b80667e30b7d309e5820bd99245be8acdc51136ba6c1d1
218,public\ocr\books\class7-english\pages\page-097.json,TEXTBOOK_OCR,.json,19755,1,OK,,aiReady|aiReadyLines|aiReadyText|bbox|bookId|cleanText|confidence|height|id|image|lineNumber|lines|pageNumber|rawText|source|text|width|x|y,faba460e0c8ece1edc56c16609279b0826984c3558f13f4a95b32eefd5c082ac
219,public\ocr\books\class7-english\pages\page-098.json,TEXTBOOK_OCR,.json,31059,1,OK,,aiReady|aiReadyLines|aiReadyText|bbox|bookId|cleanText|confidence|height|id|image|lineNumber|lines|pageNumber|rawText|source|text|width|x|y,3f5c66e8ccc94fde8659613eb6626c7664b180154c3ba81af1c23fdbc749e7cd
220,public\ocr\books\class7-english\pages\page-099.json,TEXTBOOK_OCR,.json,30485,1,OK,,aiReady|aiReadyLines|aiReadyText|bbox|bookId|cleanText|confidence|height|id|image|lineNumber|lines|pageNumber|rawText|source|text|width|x|y,bc8aa8522a51d90ef25bcd277e24850039bf87e8d4b1662f36379e826144d86f
221,public\ocr\books\class7-english\pages\page-100.json,TEXTBOOK_OCR,.json,20471,1,OK,,aiReady|aiReadyLines|aiReadyText|bbox|bookId|cleanText|confidence|height|id|image|lineNumber|lines|pageNumber|rawText|source|text|width|x|y,524a6b2b63dba8265cde80a0b797ea3bf5462251410c918280bd711e7e751875
222,public\ocr\books\class7-english\pages\page-101.json,TEXTBOOK_OCR,.json,10721,1,OK,,aiReady|aiReadyLines|aiReadyText|bbox|bookId|cleanText|confidence|height|id|image|lineNumber|lines|pageNumber|rawText|source|text|width|x|y,2a69a08cbb98a5520eaef40c71f30ab5903cde83c80fd991a722d7c8f86e829a
223,public\ocr\books\class7-english\pages\page-102.json,TEXTBOOK_OCR,.json,4270,1,OK,,aiReady|aiReadyLines|aiReadyText|bbox|bookId|cleanText|confidence|height|id|image|lineNumber|lines|pageNumber|rawText|source|text|width|x|y,d9a074ab0efe8c9134471ae7c76242183c60f97323f7491fb4e1ccd5c89f02a5
224,public\ocr\books\class7-english\pages\page-103.json,TEXTBOOK_OCR,.json,6705,1,OK,,aiReady|aiReadyLines|aiReadyText|bbox|bookId|cleanText|confidence|height|id|image|lineNumber|lines|pageNumber|rawText|source|text|width|x|y,147e185484b0ebbba92cd2339a6ae9ba0dc00dd4aeb5ebfd9df6e402be465946
225,public\ocr\books\class7-english\pages\page-104.json,TEXTBOOK_OCR,.json,26480,1,OK,,aiReady|aiReadyLines|aiReadyText|bbox|bookId|cleanText|confidence|height|id|image|lineNumber|lines|pageNumber|rawText|source|text|width|x|y,977651f93656f05826181737d5204cce57b4d6d6f87d6036f52ed219d66b4018
226,public\ocr\books\class7-english\pages\page-105.json,TEXTBOOK_OCR,.json,19092,1,OK,,aiReady|aiReadyLines|aiReadyText|bbox|bookId|cleanText|confidence|height|id|image|lineNumber|lines|pageNumber|rawText|source|text|width|x|y,9b35d0324c56bd6056d23edf79e4ce82750a3243079d94fbbce4ad74723b7f4a
227,public\ocr\books\class7-english\pages\page-106.json,TEXTBOOK_OCR,.json,8812,1,OK,,aiReady|aiReadyLines|aiReadyText|bbox|bookId|cleanText|confidence|height|id|image|lineNumber|lines|pageNumber|rawText|source|text|width|x|y,d9ecb7d77c1040b1fc382737307f3f7ff9c2e8409649a86bcc7ecdf587ea3d13
228,public\ocr\books\class7-english\pages\page-107.json,TEXTBOOK_OCR,.json,25026,1,OK,,aiReady|aiReadyLines|aiReadyText|bbox|bookId|cleanText|confidence|height|id|image|lineNumber|lines|pageNumber|rawText|source|text|width|x|y,8935f0b58e820fe1f487e0af5bf794ab006ed870e750ee10748dc3a8b95fb28a
229,public\ocr\books\class7-english\pages\page-108.json,TEXTBOOK_OCR,.json,19431,1,OK,,aiReady|aiReadyLines|aiReadyText|bbox|bookId|cleanText|confidence|height|id|image|lineNumber|lines|pageNumber|rawText|source|text|width|x|y,f2536650bbbc7d556d06fcc13c02c676e81be36406561bd246acf3c602d9b4b9
230,public\ocr\books\class7-english\pages\page-109.json,TEXTBOOK_OCR,.json,7164,1,OK,,aiReady|aiReadyLines|aiReadyText|bbox|bookId|cleanText|confidence|height|id|image|lineNumber|lines|pageNumber|rawText|source|text|width|x|y,29475271fe12f7f1b5aabfefd682ecea552644c93c85a127fa46a44f6db22c69
231,public\ocr\books\class7-english\pages\page-110.json,TEXTBOOK_OCR,.json,24672,1,OK,,aiReady|aiReadyLines|aiReadyText|bbox|bookId|cleanText|confidence|height|id|image|lineNumber|lines|pageNumber|rawText|source|text|width|x|y,1dfd5bbfef732acf61521b0c825b27568f3e06e1b72d18080459bd5eb20770cb
232,public\ocr\books\class7-english\pages\page-111.json,TEXTBOOK_OCR,.json,20999,1,OK,,aiReady|aiReadyLines|aiReadyText|bbox|bookId|cleanText|confidence|height|id|image|lineNumber|lines|pageNumber|rawText|source|text|width|x|y,e891751b7c5fd48d59d5f7bbe7ad9a536e5f7a84e611931629aac74591aac359
233,public\ocr\books\class7-english\pages\page-112.json,TEXTBOOK_OCR,.json,20648,1,OK,,aiReady|aiReadyLines|aiReadyText|bbox|bookId|cleanText|confidence|height|id|image|lineNumber|lines|pageNumber|rawText|source|text|width|x|y,cc9f5f3c86690a1e9c36228aa18e548db76d27f2ec40a58159e4d983369e915e
234,public\ocr\books\class7-english\pages\page-113.json,TEXTBOOK_OCR,.json,32870,1,OK,,aiReady|aiReadyLines|aiReadyText|bbox|bookId|cleanText|confidence|height|id|image|lineNumber|lines|pageNumber|rawText|source|text|width|x|y,908a3ac6e58cde4ed43a31c891ca8f87e02d920cdd6d996db7bbacfc35a0078c
235,public\ocr\books\class7-english\pages\page-114.json,TEXTBOOK_OCR,.json,19874,1,OK,,aiReady|aiReadyLines|aiReadyText|bbox|bookId|cleanText|confidence|height|id|image|lineNumber|lines|pageNumber|rawText|source|text|width|x|y,c21ff3b9f067823eaf4496005eb5e6f2782a068549ed365a1796234d1d389295
236,public\ocr\books\class7-english\pages\page-115.json,TEXTBOOK_OCR,.json,27993,1,OK,,aiReady|aiReadyLines|aiReadyText|bbox|bookId|cleanText|confidence|height|id|image|lineNumber|lines|pageNumber|rawText|source|text|width|x|y,a1d39c34d131e9ada01991e147fa3548066d1ee17264db0fa7d91c5642a0c194
237,public\ocr\books\class7-english\pages\page-116.json,TEXTBOOK_OCR,.json,24769,1,OK,,aiReady|aiReadyLines|aiReadyText|bbox|bookId|cleanText|confidence|height|id|image|lineNumber|lines|pageNumber|rawText|source|text|width|x|y,5e8b1bf5dca0f8cb254da0af8394deed0cfd8cf038694f3d871443dc167b52c8
238,public\ocr\books\class7-english\pages\page-117.json,TEXTBOOK_OCR,.json,6135,1,OK,,aiReady|aiReadyLines|aiReadyText|bbox|bookId|cleanText|confidence|height|id|image|lineNumber|lines|pageNumber|rawText|source|text|width|x|y,279fac07f441b55a96dcb8bc8aaec18a8255da50b32f5e9155736716c7b5d524
239,public\ocr\books\class7-english\pages\page-118.json,TEXTBOOK_OCR,.json,24156,1,OK,,aiReady|aiReadyLines|aiReadyText|bbox|bookId|cleanText|confidence|height|id|image|lineNumber|lines|pageNumber|rawText|source|text|width|x|y,0c3a862d14446ed12d444c795d3f7e97f32c0f1ea436713dc0d39ea99db812b3
240,public\ocr\books\class7-english\pages\page-119.json,TEXTBOOK_OCR,.json,30993,1,OK,,aiReady|aiReadyLines|aiReadyText|bbox|bookId|cleanText|confidence|height|id|image|lineNumber|lines|pageNumber|rawText|source|text|width|x|y,5cc814746d3a108ce63ff6a5130e4697f34d49ef749fbd8d52b6cd22b7bf1e48
241,public\ocr\books\class7-english\pages\page-120.json,TEXTBOOK_OCR,.json,33346,1,OK,,aiReady|aiReadyLines|aiReadyText|bbox|bookId|cleanText|confidence|height|id|image|lineNumber|lines|pageNumber|rawText|source|text|width|x|y,9f307d2e0ae8957b8cec8122c3a55fa6920dcf2b37618b5672e0fae92c54178d
242,public\ocr\books\class7-english\pages\page-121.json,TEXTBOOK_OCR,.json,33653,1,OK,,aiReady|aiReadyLines|aiReadyText|bbox|bookId|cleanText|confidence|height|id|image|lineNumber|lines|pageNumber|rawText|source|text|width|x|y,7f1a41f3198d27297b1e953ab3543f39e4067a7db8c1755eff8f21f93c7aa7cf
243,public\ocr\books\class7-english\pages\page-122.json,TEXTBOOK_OCR,.json,3534,1,OK,,aiReady|aiReadyLines|aiReadyText|bbox|bookId|cleanText|confidence|height|id|image|lineNumber|lines|pageNumber|rawText|source|text|width|x|y,c44a46a3e8912737c2a76f8f0d49a5393c871a4753bd0862fc679b7e7183220d
244,public\ocr\books\class8-english\index.json,TEXTBOOK_OCR,.json,1497,5,OK,,aiReadyLineCount|bookId|endPage|image|json|lineCount|pageNumber|pages|source|sourcePdf|startPage|title|totalPdfPages,0ca8f173becdf1e1e17e5fa43660bffd5c9cd81573231c488a2942628f048686
245,public\ocr\books\class8-english\pages\page-001.json,TEXTBOOK_OCR,.json,1180,1,OK,,aiReady|aiReadyLines|aiReadyText|bbox|bookId|cleanText|confidence|height|id|image|lineNumber|lines|pageNumber|rawText|source|text|width|x|y,af39a7d694db5969b2c080fc787be168a0c5e8a19aea0fa35b2ad70fc66e82a5
246,public\ocr\books\class8-english\pages\page-002.json,TEXTBOOK_OCR,.json,3169,1,OK,,aiReady|aiReadyLines|aiReadyText|bbox|bookId|cleanText|confidence|height|id|image|lineNumber|lines|pageNumber|rawText|source|text|width|x|y,1f7401cf6ff7abaeb06b089b657b97308fa5cf32c9aba0d9acfddaefbf47a0f0
247,public\ocr\books\class8-english\pages\page-003.json,TEXTBOOK_OCR,.json,10885,1,OK,,aiReady|aiReadyLines|aiReadyText|bbox|bookId|cleanText|confidence|height|id|image|lineNumber|lines|pageNumber|rawText|source|text|width|x|y,a49852855cef365b529bb8f64ddd08a7f5430c07a425713f6de8727091d2769c
248,public\ocr\books\class8-english\pages\page-004.json,TEXTBOOK_OCR,.json,42345,1,OK,,aiReady|aiReadyLines|aiReadyText|bbox|bookId|cleanText|confidence|height|id|image|lineNumber|lines|pageNumber|rawText|source|text|width|x|y,72ce21f0f6e6967769e78b6dc8be988345ab6494116ca138c63d3000c44819d6
249,public\ocr\books\class8-english\pages\page-005.json,TEXTBOOK_OCR,.json,10230,1,OK,,aiReady|aiReadyLines|aiReadyText|bbox|bookId|cleanText|confidence|height|id|image|lineNumber|lines|pageNumber|rawText|source|text|width|x|y,394e3e480a379b250f646041dbc9f77fca0bef13a4039cb4037bcb502d87691f
250,public\ocr\books\test\page-18-lines.json,TEXTBOOK_OCR,.json,5069,24,OK,,aiReady|bbox|height|id|lineNumber|text|width|x|y,db9909b52ff9c3e848be744096979803f261472aada87d5e489318cfdbbac7ca
251,public\ocr\books\test\page-18.json,TEXTBOOK_OCR,.json,11926,98,OK,,confidence|height|text|width|x|y,0f2b20822f8b306c7cd4154301bb35d7bab70eb618321ce85b48f2eed229667a
252,public\ocr\class6_english_lesson5_to_end_ai_ready.json,TEXTBOOK_OCR,.json,380343,30,OK,,aiReadyLines|aiReadyText|bookTitle|class|id|lessonNo|lessons|metadata|note|ocrEnd|ocrStart|pdfPageEnd|pdfPageStart|sourcePdf|text|textbookPageEnd|textbookPageStart|title|totalPdfPages,d85e89794a4fca536b12b325992cefffbb3442ea85b692a56d7528793952c8ad
253,public\ocr\class6_english_lesson5_to_end_ocr.json,TEXTBOOK_OCR,.json,1423402,30,OK,,aiReadyLines|aiReadyText|bookTitle|class|cleanLines|cleanText|id|lessonNo|lessons|lines|metadata|note|ocrEnd|ocrStart|pages|pdfPage|pdfPageEnd|pdfPageStart|rawLines|rawText|sourcePdf|text|textbookPage|textbookPageEnd|textbookPageStart|title|totalPdfPages,f110bc4960166341d9bfbbd81ceae2cbfb5fbcfec95a5b15068ffa9047960de1
254,public\ocr\class6_english_lesson5_to_end_pages.json,TEXTBOOK_OCR,.json,511052,98,OK,,aiReadyLines|bookTitle|class|cleanLines|metadata|note|ocrEnd|ocrStart|pages|pdfPage|pdfPageEnd|pdfPageStart|rawLines|rawText|sourcePdf|textbookPage|textbookPageEnd|textbookPageStart|totalPdfPages,78bb90f1c66e3dfb20e6ddaa298fed86156a4c71d73f7bab50140fde63b16bdf
255,public\ocr\lessons_json\lesson-01.json,TEXTBOOK_OCR,.json,16561,1,OK,,aiReadyLines|aiReadyText|cleanText|id|lessonNo|lessonTitle|lineNumber|lines|paragraphNo|pdfPageEnd|pdfPageStart|rawText|text|textbookPageEnd|textbookPageStart|title,a464afe1aefb3e7b00186fd51a87ac2c725cffa8c93008dd714b08fd588049e8
256,public\ocr\lessons_json\lesson-02.json,TEXTBOOK_OCR,.json,7142,1,OK,,aiReadyLines|aiReadyText|cleanText|id|lessonNo|lessonTitle|lineNumber|lines|paragraphNo|pdfPageEnd|pdfPageStart|rawText|text|textbookPageEnd|textbookPageStart|title,9f337fe67d1b2dfb6296e33cc7245d0a08aaedab06426d3afb48a3f34a54c220
257,public\ocr\lessons_json\lesson-03.json,TEXTBOOK_OCR,.json,5999,1,OK,,aiReadyLines|aiReadyText|cleanText|id|lessonNo|lessonTitle|lineNumber|lines|paragraphNo|pdfPageEnd|pdfPageStart|rawText|text|textbookPageEnd|textbookPageStart|title,dd8569c3c776d2f9aede96200628e553b97e1d1bb4aeb547e1c8c013d36ff8be
258,public\ocr\lessons_json\lesson-04.json,TEXTBOOK_OCR,.json,7395,1,OK,,aiReadyLines|aiReadyText|cleanText|id|lessonNo|lessonTitle|lineNumber|lines|paragraphNo|pdfPageEnd|pdfPageStart|rawText|text|textbookPageEnd|textbookPageStart|title,4ec98f9ff214bb1ad8029942810e022e33df2b7f23cc193a7a60d6e151989e43
259,public\ocr\lessons_json\lesson-05.json,TEXTBOOK_OCR,.json,48815,4,OK,,aiReadyLines|aiReadyText|cleanLines|cleanText|id|lessonNo|lines|pages|pdfPage|pdfPageEnd|pdfPageStart|rawLines|rawText|text|textbookPage|textbookPageEnd|textbookPageStart|title,39bf6c415e4568b9a88f8ab7b71b3bf382592ffcf170d07517687fd4c85f02f0
260,public\ocr\lessons_json\lesson-06.json,TEXTBOOK_OCR,.json,30130,2,OK,,aiReadyLines|aiReadyText|cleanLines|cleanText|id|lessonNo|lines|pages|pdfPage|pdfPageEnd|pdfPageStart|rawLines|rawText|text|textbookPage|textbookPageEnd|textbookPageStart|title,1268ccd67ba32e21129a9b2d1d40971d58c9cb33b3f87c023af9c2cb66a1bccf
261,public\ocr\lessons_json\lesson-07.json,TEXTBOOK_OCR,.json,16137,2,OK,,aiReadyLines|aiReadyText|cleanLines|cleanText|id|lessonNo|lines|pages|pdfPage|pdfPageEnd|pdfPageStart|rawLines|rawText|text|textbookPage|textbookPageEnd|textbookPageStart|title,ebe959285fc7723d904bce33f47e48cf5efd8c377ffa20eb13741b89b631b34e
262,public\ocr\lessons_json\lesson-08.json,TEXTBOOK_OCR,.json,76574,7,OK,,aiReadyLines|aiReadyText|cleanLines|cleanText|id|lessonNo|lines|pages|pdfPage|pdfPageEnd|pdfPageStart|rawLines|rawText|text|textbookPage|textbookPageEnd|textbookPageStart|title,cdae389fba06df470550a1630b95233414343279b636ab9c4a6007f807a93303
263,public\ocr\lessons_json\lesson-09.json,TEXTBOOK_OCR,.json,62801,5,OK,,aiReadyLines|aiReadyText|cleanLines|cleanText|id|lessonNo|lines|pages|pdfPage|pdfPageEnd|pdfPageStart|rawLines|rawText|text|textbookPage|textbookPageEnd|textbookPageStart|title,fedc74385d818dabf82e60e803bcc3f07acd263d43f2002c380fcb1eff93c740
264,public\ocr\lessons_json\lesson-10.json,TEXTBOOK_OCR,.json,63501,4,OK,,aiReadyLines|aiReadyText|cleanLines|cleanText|id|lessonNo|lines|pages|pdfPage|pdfPageEnd|pdfPageStart|rawLines|rawText|text|textbookPage|textbookPageEnd|textbookPageStart|title,94e0830d539b29bf61301a55a7b5ca113a6faa72d335d1eb6fe044b4d5c6dcb7
265,public\ocr\lessons_json\lesson-11.json,TEXTBOOK_OCR,.json,21937,2,OK,,aiReadyLines|aiReadyText|cleanLines|cleanText|id|lessonNo|lines|pages|pdfPage|pdfPageEnd|pdfPageStart|rawLines|rawText|text|textbookPage|textbookPageEnd|textbookPageStart|title,ef13e70f099be01c146208ed720fb0282d7fd7d817f89627840d3c1a9ca147c2
266,public\ocr\lessons_json\lesson-12.json,TEXTBOOK_OCR,.json,50425,3,OK,,aiReadyLines|aiReadyText|cleanLines|cleanText|id|lessonNo|lines|pages|pdfPage|pdfPageEnd|pdfPageStart|rawLines|rawText|text|textbookPage|textbookPageEnd|textbookPageStart|title,6cdcc5f45ed3301209fea316d4afa8ee8ba1c030df44a608452d445f0b495bf6
267,public\ocr\lessons_json\lesson-13.json,TEXTBOOK_OCR,.json,56168,4,OK,,aiReadyLines|aiReadyText|cleanLines|cleanText|id|lessonNo|lines|pages|pdfPage|pdfPageEnd|pdfPageStart|rawLines|rawText|text|textbookPage|textbookPageEnd|textbookPageStart|title,db1a58b3d2369411eef6d997e879ca582b5569bbfe1f3679926d9d783ec1553d
268,public\ocr\lessons_json\lesson-14.json,TEXTBOOK_OCR,.json,31635,3,OK,,aiReadyLines|aiReadyText|cleanLines|cleanText|id|lessonNo|lines|pages|pdfPage|pdfPageEnd|pdfPageStart|rawLines|rawText|text|textbookPage|textbookPageEnd|textbookPageStart|title,c6bf649f071a5b95c2d221bc03ed99a8cde0e150cc6e83ff2d8a10ebeabdb2c7
269,public\ocr\lessons_json\lesson-15.json,TEXTBOOK_OCR,.json,51174,3,OK,,aiReadyLines|aiReadyText|cleanLines|cleanText|id|lessonNo|lines|pages|pdfPage|pdfPageEnd|pdfPageStart|rawLines|rawText|text|textbookPage|textbookPageEnd|textbookPageStart|title,f95bad2a394ae4c8104988867ab4453e6bb39322793dc90aab7d16d9ca7dd5fa
270,public\ocr\lessons_json\lesson-16.json,TEXTBOOK_OCR,.json,10028,1,OK,,aiReadyLines|aiReadyText|cleanLines|cleanText|id|lessonNo|lines|pages|pdfPage|pdfPageEnd|pdfPageStart|rawLines|rawText|text|textbookPage|textbookPageEnd|textbookPageStart|title,db25073b06750fbd3ed8b8e657c0977e6218b986e16752d208f314ac86fdcf0c
271,public\ocr\lessons_json\lesson-17.json,TEXTBOOK_OCR,.json,29496,3,OK,,aiReadyLines|aiReadyText|cleanLines|cleanText|id|lessonNo|lines|pages|pdfPage|pdfPageEnd|pdfPageStart|rawLines|rawText|text|textbookPage|textbookPageEnd|textbookPageStart|title,1eb46524096d80eda20cbe7041a250b618e00e76df0a15ac65ed8cf7f9098fba
272,public\ocr\lessons_json\lesson-18.json,TEXTBOOK_OCR,.json,41654,4,OK,,aiReadyLines|aiReadyText|cleanLines|cleanText|id|lessonNo|lines|pages|pdfPage|pdfPageEnd|pdfPageStart|rawLines|rawText|text|textbookPage|textbookPageEnd|textbookPageStart|title,95d6a1434a2fe365ef9c20b98cb44a98aabc01dca697f5c1b02407159a5b66fb
273,public\ocr\lessons_json\lesson-19.json,TEXTBOOK_OCR,.json,15673,1,OK,,aiReadyLines|aiReadyText|cleanLines|cleanText|id|lessonNo|lines|pages|pdfPage|pdfPageEnd|pdfPageStart|rawLines|rawText|text|textbookPage|textbookPageEnd|textbookPageStart|title,5a5bf89d5d9f4ab2aac2031c7ebe9fa194151b06f5a5a68562926b1bcbc78086
274,public\ocr\lessons_json\lesson-20.json,TEXTBOOK_OCR,.json,29063,2,OK,,aiReadyLines|aiReadyText|cleanLines|cleanText|id|lessonNo|lines|pages|pdfPage|pdfPageEnd|pdfPageStart|rawLines|rawText|text|textbookPage|textbookPageEnd|textbookPageStart|title,9a9d6b40c6eae645a00cc216174073562ac217758d5cca013e4949b06a398f95
275,public\ocr\lessons_json\lesson-21.json,TEXTBOOK_OCR,.json,42534,2,OK,,aiReadyLines|aiReadyText|cleanLines|cleanText|id|lessonNo|lines|pages|pdfPage|pdfPageEnd|pdfPageStart|rawLines|rawText|text|textbookPage|textbookPageEnd|textbookPageStart|title,00544ac625fe83bfb35f838e8ef13fda73bd622dae3d19e189ad4d7891223556
276,public\ocr\lessons_json\lesson-22.json,TEXTBOOK_OCR,.json,54974,3,OK,,aiReadyLines|aiReadyText|cleanLines|cleanText|id|lessonNo|lines|pages|pdfPage|pdfPageEnd|pdfPageStart|rawLines|rawText|text|textbookPage|textbookPageEnd|textbookPageStart|title,247f6dbb3012d14eabcc0811b3413005d8c16cb3a51666fba555e8853b622db8
277,public\ocr\lessons_json\lesson-23.json,TEXTBOOK_OCR,.json,49936,3,OK,,aiReadyLines|aiReadyText|cleanLines|cleanText|id|lessonNo|lines|pages|pdfPage|pdfPageEnd|pdfPageStart|rawLines|rawText|text|textbookPage|textbookPageEnd|textbookPageStart|title,a0a11100f871ccf56eb03ce5b933750e7f15287c5f6de9749c71f109ec49944d
278,public\ocr\lessons_json\lesson-24.json,TEXTBOOK_OCR,.json,60371,4,OK,,aiReadyLines|aiReadyText|cleanLines|cleanText|id|lessonNo|lines|pages|pdfPage|pdfPageEnd|pdfPageStart|rawLines|rawText|text|textbookPage|textbookPageEnd|textbookPageStart|title,fd92e0f1b2e83bd98f4833ebad1ca3c502038053df81d41c245a0c3d94786136
279,public\ocr\lessons_json\lesson-25.json,TEXTBOOK_OCR,.json,57394,3,OK,,aiReadyLines|aiReadyText|cleanLines|cleanText|id|lessonNo|lines|pages|pdfPage|pdfPageEnd|pdfPageStart|rawLines|rawText|text|textbookPage|textbookPageEnd|textbookPageStart|title,adc1ea1d12fba49ec13041ee8996f6e138cccd5a78791bff28dc7cf8928fa8a0
280,public\ocr\lessons_json\lesson-26.json,TEXTBOOK_OCR,.json,60599,5,OK,,aiReadyLines|aiReadyText|cleanLines|cleanText|id|lessonNo|lines|pages|pdfPage|pdfPageEnd|pdfPageStart|rawLines|rawText|text|textbookPage|textbookPageEnd|textbookPageStart|title,37d5aba88f87ba2d86453eeb1aed721cc05c815c0ef3002a643f1bf75ee13878
281,public\ocr\lessons_json\lesson-27.json,TEXTBOOK_OCR,.json,13292,1,OK,,aiReadyLines|aiReadyText|cleanLines|cleanText|id|lessonNo|lines|pages|pdfPage|pdfPageEnd|pdfPageStart|rawLines|rawText|text|textbookPage|textbookPageEnd|textbookPageStart|title,d49a53dae2ee9bb549b9e22748bcd104f902721e897539a9bc3ef517c4b6d202
282,public\ocr\lessons_json\lesson-28.json,TEXTBOOK_OCR,.json,19398,2,OK,,aiReadyLines|aiReadyText|cleanLines|cleanText|id|lessonNo|lines|pages|pdfPage|pdfPageEnd|pdfPageStart|rawLines|rawText|text|textbookPage|textbookPageEnd|textbookPageStart|title,33ceeb71367073127bb43866cd35db7a4f6419df7af9b9c347b4bce96dc7ddd1
283,public\ocr\lessons_json\lesson-29.json,TEXTBOOK_OCR,.json,21020,2,OK,,aiReadyLines|aiReadyText|cleanLines|cleanText|id|lessonNo|lines|pages|pdfPage|pdfPageEnd|pdfPageStart|rawLines|rawText|text|textbookPage|textbookPageEnd|textbookPageStart|title,33bf95fb31893b537033d705a9b28c82072f8250eead4753acaf622bb0e4bfb9
284,public\ocr\lessons_json\lesson-30.json,TEXTBOOK_OCR,.json,24722,2,OK,,aiReadyLines|aiReadyText|cleanLines|cleanText|id|lessonNo|lines|pages|pdfPage|pdfPageEnd|pdfPageStart|rawLines|rawText|text|textbookPage|textbookPageEnd|textbookPageStart|title,009f3017cca9134564db46c551e75ccafee36cb600a2ef725e4c64761fb55fdd
285,public\ocr\lessons_json\lesson-31.json,TEXTBOOK_OCR,.json,12635,2,OK,,aiReadyLines|aiReadyText|cleanLines|cleanText|id|lessonNo|lines|pages|pdfPage|pdfPageEnd|pdfPageStart|rawLines|rawText|text|textbookPage|textbookPageEnd|textbookPageStart|title,69bb5ec51d493fa6c95b05202c67bf182cf3bc1bb76869f904e564f380450cf1
286,public\ocr\lessons_json\lesson-32.json,TEXTBOOK_OCR,.json,34251,2,OK,,aiReadyLines|aiReadyText|cleanLines|cleanText|id|lessonNo|lines|pages|pdfPage|pdfPageEnd|pdfPageStart|rawLines|rawText|text|textbookPage|textbookPageEnd|textbookPageStart|title,16646302414ee4edd7d55c3a968a220cbe8304df20baa4c18909398bda1ce851
287,public\ocr\lessons_json\lesson-33.json,TEXTBOOK_OCR,.json,52081,7,OK,,aiReadyLines|aiReadyText|cleanLines|cleanText|id|lessonNo|lines|pages|pdfPage|pdfPageEnd|pdfPageStart|rawLines|rawText|text|textbookPage|textbookPageEnd|textbookPageStart|title,a23ed48f4b2305d68c95e620d73572df3b1efa64abdcc0c31ce22b108d366bf2
288,public\ocr\lessons_json\sample-question.json,TEXTBOOK_OCR,.json,178197,10,OK,,aiReadyLines|aiReadyText|cleanLines|cleanText|id|lessonNo|lines|pages|pdfPage|pdfPageEnd|pdfPageStart|rawLines|rawText|text|textbookPage|textbookPageEnd|textbookPageStart|title,914e3860754832330d76d664874a6f14dfa5fb2b874d2b2279348f16280865ac
