record_id,book_id,class_level,page_number,lesson_number,include_for_rag,include_for_sft,manual_review_required,candidate_text_versions,review_reasons,text_preview,source_file
class6-english-page-0002,class6-english,6,2,,False,False,False,1,FRONT_MATTER | TOO_SHORT_FOR_SFT | prescription page,"Prescribed by the National Curriculum and Textbook Board, Bangladesh as a textbook for Class Six from the academic year 2023 Revised for the year 2026",public\ocr\books\class6-english\pages\page-002.json
class6-english-page-0003,class6-english,6,3,,False,False,False,1,FRONT_MATTER | copyright page | distribution information | publication information,"69-70, Motijheel Commercial Area, Dhaka [All rights reserved by the Publisher] First edition written and edited by AMM Hamidur Rahman Zulfeqar Haider Surajit Roy Majumder First Publication: September 2012 Revised Edition: September 2014 Revised Edition: November 2020 Revised Edition: October 2025 For Free Distribution by the Government of the Peopl",public\ocr\books\class6-english\pages\page-003.json
class6-english-page-0004,class6-english,6,4,,False,False,True,1,FRONT_MATTER | OCR_REVIEW_NEEDED | acknowledgement | administrative signature | contributor listing | curriculum preface | policy preface | possible OCR spelling error,"The importance of formal education is diversified. The prime goal of modern education is not only to impart knowledge but also to build a prosperous nation by developing skilled human resources. At the same time, education is the best means of developing a society that is free from superstitions and adheres to science and facts. To stand as a devel",public\ocr\books\class6-english\pages\page-004.json
class6-english-page-0010,class6-english,6,10,,True,True,True,1,OCR_REVIEW_NEEDED | several unusually long tokens,"English For Today 5 Rahul lam happy. I just heard that my new album of Lalon's songs has been a hit! Nina Oh, great! Congratulations! Rahul Thanks, Nina. I can't tell you how happy Tam! Manzoor is a student of class six in a Sovernment high school in Rajbari. Recently there was an inter-school essay competition on the occasion of our Independence D",public\ocr\books\class6-english\pages\page-010.json
class6-english-page-0013,class6-english,6,13,5,True,True,True,2,MULTIPLE_OCR_VERSIONS,"8 English For Today A3. Look at the picture below. Talk about what things you see and what are happening. A4. Suppose, you went to one of the places listed below. Describe what you saw, what were happening and what you did there. A shopping place",public\ocr\books\class6-english\pages\page-013.json
class6-english-page-0014,class6-english,6,14,5,True,True,True,2,MULTIPLE_OCR_VERSIONS,"Lesson 4 Where are You From? ® recognise words and stress on words in sentences © ask and answer questions It is natural that when two persons meet they would engage in a_ conversation. They may want to know where the other comes from, or what the other person does and so on. Here are some conversations in such everyday situations. class friends. M",public\ocr\books\class6-english\pages\page-014.json
class6-english-page-0015,class6-english,6,15,5,True,True,True,2,MULTIPLE_OCR_VERSIONS,"Sometimes the same questions can be asked in a different way. Here is a conversation between an immigration officer and a passenger at the Shahjalal International Airport, Dhaka. Listen to the conversation first and then practise it with a partner. Your name, Sir? Where do you come from, Mr. Smith? And where are you coming from now? I'm coming from",public\ocr\books\class6-english\pages\page-015.json
class6-english-page-0016,class6-english,6,16,5,True,True,True,2,MULTIPLE_OCR_VERSIONS,"English For Today 11 Joy asks Sajed do you come from, Sajed?""’ What could Joy ask him instead? Mamun and Akash are talking about Mamun's cousin Ruma. Listen to and practise the conversation in pairs. Akash What does your cousin do, Mamun? Mamun She is an architect. She mostly designs offices and shopping Akash What is she doing at Mamun Well, at th",public\ocr\books\class6-english\pages\page-016.json
class6-english-page-0017,class6-english,6,17,6,True,True,True,2,MULTIPLE_OCR_VERSIONS,"Language Focus Notice that sometimes the answer to ""Where do you come from?"" or ""Where are you from?"" is the name of the country one belongs to. But when both the speakers are from the same country, the question would obviously mean what part of the country one belongs to. doing?” do vou do?' means the same as ‘What's your profession?’ On the other",public\ocr\books\class6-english\pages\page-017.json
class6-english-page-0018,class6-english,6,18,6,True,True,True,2,MULTIPLE_OCR_VERSIONS,Lesson 5 Thanks for Your Work e ask and answer questions ® participate in short dialogues and conversations on familiar topics * read and understand texts © write short paragraphs Look and say. Use suitable words from the box to describe the occupation of each person below: newspaper hawker cleaner,public\ocr\books\class6-english\pages\page-018.json
class6-english-page-0019,class6-english,6,19,7,True,True,True,2,MULTIPLE_OCR_VERSIONS,"Al. Choose appropriate words from the box to complete the dialogue below. Then act out the dialogue in pairs. letters restaurant streets place morning A What does a cleaner do? B A cleaner cleans our houses, office and ete.: What does a newspaper hawker do? B A hawker gives us newspapers every What does a postman do? B A postman delivers...........",public\ocr\books\class6-english\pages\page-019.json
class6-english-page-0020,class6-english,6,20,7,True,True,True,2,MULTIPLE_OCR_VERSIONS,"English For Today 15 Last month Bulbul was sick for two days. So, he could not come to collect the rubbish. The people of Sankar were in great trouble. They got piles of waiting in front of their houses. The whole area became dirty and unhygienic. When Bulbul got well, he came back to Sankar. He collected everything from all the bins. Bulbul does n",public\ocr\books\class6-english\pages\page-020.json
class6-english-page-0021,class6-english,6,21,8,True,True,True,2,MULTIPLE_OCR_VERSIONS,"Language Focus: Bulbul collects rubbish from the Sankar area in Dhaka Every day he wakes up at 5 o'clock and walks along the streets of Sankar. We talk about usual routines in simple present tense. In simple present tense, the verb takes an 's' or es’ if the subject is any one person/he/she, etc. The people in Sankar area became very upset. They go",public\ocr\books\class6-english\pages\page-021.json
class6-english-page-0022,class6-english,6,22,8,True,True,True,2,MULTIPLE_OCR_VERSIONS,Lesson 6 It Smells Good! ask and answer questions ® participate in short dialogues and conversations on familiar topics Read the passage and the dialogue below: It's Saturday. Mila's school is open. But Friday and Saturday are father's weekly holidays. Father sometimes loves to cook special dishes for everybody on Saturdays. It's 2 o'clock - time f,public\ocr\books\class6-english\pages\page-022.json
class6-english-page-0023,class6-english,6,23,8,True,True,True,2,MULTIPLE_OCR_VERSIONS,"Al. Work with a partner. Ask and answer the following questions. a, What's your favourite food? Where do you usually have it? Who prepares it? How does it taste? use proper stress and intonation (up and down movement of your voice), with their correct forms. smell see look know like want a. l him very well. The new dress great! Rina to collect stam",public\ocr\books\class6-english\pages\page-023.json
class6-english-page-0024,class6-english,6,24,8,True,True,True,2,MULTIPLE_OCR_VERSIONS,Lesson 7 Holding Hands © recognise word and stress on words in sentences © recognise intonation in sentences © understand and enjoy stories and poems -Leonore M Link Elephants walking Along the trails Are holding hands By holding tails. Trunks and tails Are handy things When elephants walk In Circus rings. And when they walk — It never fails They'r,public\ocr\books\class6-english\pages\page-024.json
class6-english-page-0025,class6-english,6,25,8,True,True,True,2,MULTIPLE_OCR_VERSIONS,Look at the following words. Each word has more than one meaning. The meaning in which a word has been used in the poem is given. Can you think of any other meaning or meanings? Trunk The long nose of an elephant Ring: A round confined area in which animals or people perform or compete. There are seats around the outside of the ring for the For exa,public\ocr\books\class6-english\pages\page-025.json
class6-english-page-0026,class6-english,6,26,8,True,True,True,2,MULTIPLE_OCR_VERSIONS,Lesson 8 Grocery Shopping usc word stress and stress on words in sentences and answer questions © participate in short dialogues and conversations on familiar topics read and understand texts. Some guests will visit Imran's house tonight. So Imran's mother will cook dinner for them. She asks Imran to go to the local market. He often forgets to buy ,public\ocr\books\class6-english\pages\page-026.json
class6-english-page-0027,class6-english,6,27,8,True,True,True,2,MULTIPLE_OCR_VERSIONS,": There are only three eggs. Maybe I'll buy a dozen more?: Humm..... oh, yes.... get some sugar and milk and one litre of oil,: OK. One litre of milk and.... one kg. of sugar.: One more thing, dear. You are forgetting your list! Here it is.: Oh! Thanks, Maa. You have read the conversation above. Now, put a tick mark against the items that Imran wil",public\ocr\books\class6-english\pages\page-027.json
class6-english-page-0028,class6-english,6,28,9,True,True,True,2,MULTIPLE_OCR_VERSIONS,"Salesperson Hello, how can I help you? Imran Do you have any beans? Salesperson Yes, we do. How much would you like? Imran I would like half kg. And I'll also need one kg. of tomatoes, two kg. of potatoes, two cauliflowers, a dozen of eggs and some salt. Salesperson Do you need oil, sir? Imran Yes, I need a litre of oil. Salesperson Do you need any",public\ocr\books\class6-english\pages\page-028.json
class6-english-page-0029,class6-english,6,29,9,True,True,True,2,MULTIPLE_OCR_VERSIONS,"24 English For Today B1. Discuss the following questions in pairs. How many items did Imarn buy? What varieties of vagetables were available in the market? Why do you think Imarn asked the salesman to use a paper bag? Discuss with your class friends and then write down one or two reasons. ""Thank you, here is the change,..."". What does the word ‘cha",public\ocr\books\class6-english\pages\page-029.json
class6-english-page-0030,class6-english,6,30,9,True,True,True,2,MULTIPLE_OCR_VERSIONS,English For Today 25 Match the phrases in column A and the items in column B below to make an imaginary shopping list. Write down the list in your notebook. (One phrase may match more than one items.) acanof poster paper a packet paint half a kilo of.......... cake ajar Of notebook a sheet of pencils Look at your shopping list again. Can you say wh,public\ocr\books\class6-english\pages\page-030.json
class6-english-page-0031,class6-english,6,31,9,True,True,True,2,MULTIPLE_OCR_VERSIONS,"26 English For Today Workin groups. Create a mini market in the classroom. Put some signs like the Baker's, the Grocer's, the Stationer's, etc. Some of you play the roles of shop assistants and some others will be customers. Now, the customers move round the room from one shop to the other asking the prices of the items shown in the pictures below.",public\ocr\books\class6-english\pages\page-031.json
class6-english-page-0032,class6-english,6,32,9,True,True,True,2,MULTIPLE_OCR_VERSIONS,"Language Focus: some and any We use ‘some’ with positive statements. I've got some photographs. I need some milk. We use ‘any’ with negative statement. T haven't got any photographs. | don't see any student there. We use ‘any’ with questions. Have you got any photograph? Is there any water in the jug? Are there flowers in the garden? Yes, these are",public\ocr\books\class6-english\pages\page-032.json
class6-english-page-0033,class6-english,6,33,10,True,True,True,2,MULTIPLE_OCR_VERSIONS,"Lesson 9 Health is Wealth ask and answer questions © participate in dialogues and conversations on familiar topics © read and understand written instructions read and understand texts Choose a health problem from the box and write next to the appropriate picture. There are names of more problems in the box than are necessary. a fever, a backache, a",public\ocr\books\class6-english\pages\page-033.json
class6-english-page-0034,class6-english,6,34,10,True,True,True,2,MULTIPLE_OCR_VERSIONS,"English For Today 29 Look at some health problems. Choose several pieces of good advice for each problem. There are more pieces of advice than problems. Problems Advice a, take some vitamin C put some ointment on it a c. drink lots of liquid take enough rest aheadache e, put a heating pad on it f. put it under cold water the g. take some paracetamo",public\ocr\books\class6-english\pages\page-034.json
class6-english-page-0035,class6-english,6,35,10,True,True,True,2,MULTIPLE_OCR_VERSIONS,"problem and its remedy in the box below. (One is done for you), Problem Remedy an insect bite antiseptic a stomachache an antacid a burn Burnol ointment a skin injury antiseptic Have you ever had an insect bite? Oh, yes! I had one just last night, actually. A What did you do? put some antiseptic on it. Read the text. A proverb says ‘Health is Wealt",public\ocr\books\class6-english\pages\page-035.json
class6-english-page-0036,class6-english,6,36,10,True,True,True,2,MULTIPLE_OCR_VERSIONS,"English For Today 31 Some important rules of good personal health are as follows: Balanced diet: Our food should contain correct proportion of carbohydrates, fat, protein, vitamins, minerals and water in it. Personal hygiene: We should follow the personal health practices,. Wash your hands before eating. Bathe regularly and wear clean clothes. Brus",public\ocr\books\class6-english\pages\page-036.json
class6-english-page-0037,class6-english,6,37,11,True,True,True,2,MULTIPLE_OCR_VERSIONS,"Sohan Hi, Simon! You look so fit! Do you exercise regularly? Simon Yes, I do. I'm quite.......... about fitness. Sohan So, how......... do you exercise? Simon Well, | do jogging every day in the Then I play table tennis in the afternoon. Sohan table tennis, too. Simon Oh, will you come to play.......... then? Sohan Sure. But do you play? Simon Pret",public\ocr\books\class6-english\pages\page-037.json
class6-english-page-0038,class6-english,6,38,11,True,True,True,2,MULTIPLE_OCR_VERSIONS,Lesson 10 Remedies: Modern and Traditional read and understand written instructions ¢ read and understand texts ¢ ask and answer questions © participate in short dialogues and conversations on familiar topics © write short paragraphs Look at the following pictures. Discuss with your partner what they are. Match them with their names given in the bo,public\ocr\books\class6-english\pages\page-038.json
class6-english-page-0039,class6-english,6,39,12,True,True,True,2,MULTIPLE_OCR_VERSIONS,"People around the world are slowly changing their attitude towards medicine. More and more they are turning to natural cures. Natural cures are made of natural things, most often herbs and plants. History says that natural or herbal remedies are nothing new. People used them all along in different ages. Herbal medicines were used in ancient civilis",public\ocr\books\class6-english\pages\page-039.json
class6-english-page-0040,class6-english,6,40,12,True,True,True,2,MULTIPLE_OCR_VERSIONS,English For Today 35 Work in pairs. Complete the following expressions with words from bottle box can package tube Now. write down some sentences using these phrases. Read the dialogue and practise in pairs. Pharmacist Good morning. Can T help you? Mr Arman Do you have anything for dry skin? Pharmacist Well you may try this new body lotion. It's go,public\ocr\books\class6-english\pages\page-040.json
class6-english-page-0041,class6-english,6,41,12,True,True,True,2,MULTIPLE_OCR_VERSIONS,"36 English For Today For children's cough, grandmas give two tea-spoons of basil leaf/tulsi juice with one spoon of honey. It works excellent. Some people take grape juice and honey too. It is also good for dry cough. Hot milk with honey is also useful in cough problems. You can take ginger tea which is also a useful home remedy for cough. Lemon ju",public\ocr\books\class6-english\pages\page-041.json
class6-english-page-0042,class6-english,6,42,13,True,False,True,2,MULTIPLE_OCR_VERSIONS | TOO_SHORT_FOR_SFT,"Lesson 11 Ave You Listening?-1 ¢ recognise English sounds ¢ recognise word and stress on words in sentences © recognise intonation in sentences read aloud texts with proper pronunciation, stress and intonation to and read the following words:",public\ocr\books\class6-english\pages\page-042.json
class6-english-page-0043,class6-english,6,43,13,True,True,True,2,MULTIPLE_OCR_VERSIONS,Do you notice any difference between the vowel sounds in the words on the left column and the vowel sounds in the words on the right? Then listen to and repeat the sentences pronouncing the underlined words properly using the vowel sounds you just practised in section A. I met Benu and her room-mate in the book store. They were buying some papers a,public\ocr\books\class6-english\pages\page-043.json
class6-english-page-0044,class6-english,6,44,13,True,True,True,2,MULTIPLE_OCR_VERSIONS,"Lesson 12 An Unseen Beauty of Bangladesh © ask and answer questions read and understand texts © write short paragraphs 1, Have you ever visited any interesting tourist spot in Bangladesh? Tf you have, what was that place. What special attractions did you see If you haven't, what places do you wish to visit? What special attractions will you see the",public\ocr\books\class6-english\pages\page-044.json
class6-english-page-0045,class6-english,6,45,13,True,True,True,2,MULTIPLE_OCR_VERSIONS,"mountain-valley, the modest movement of the river Someshwari, and the abandoned coal mines. There is another river here called Kangsa which is also known as old Someshwari. Shusong Durgapur is located under Netrokona district about 170 km north from Dhaka. Along with its scenic beauty this place is home to diverse indigenous groups: Hajong, Garo, A",public\ocr\books\class6-english\pages\page-045.json
class6-english-page-0046,class6-english,6,46,14,True,True,True,2,MULTIPLE_OCR_VERSIONS,"English For Today 41: Can I see any other hills from there?: Yes, you....... You can see the hills of...... state from there.: Are there any temples there?: Yes, there...... You can see the Dasha Busha Temple and the........ temples there. B2. Discuss the following questions in pairs. In which district is Shusong Durgapur located? How far is Shuson",public\ocr\books\class6-english\pages\page-046.json
class6-english-page-0047,class6-english,6,47,14,True,True,True,2,MULTIPLE_OCR_VERSIONS,"Lesson 13 Qur Pride read and understand texts ask and answer questions write short paragraphs participate in short dialogues and conversations on familiar topics December 16 is a remarkable day for Bangladeshi people. On this day in 1971, Bangladesh got independence after a nine-month-long blood-soaked __ battle against the Pakistani army. It is a ",public\ocr\books\class6-english\pages\page-047.json
class6-english-page-0048,class6-english,6,48,14,True,True,True,2,MULTIPLE_OCR_VERSIONS,"English For Today 43 monument dedicated to the soldiers and civilians who lost their lives during the war, becomes a focal point for citizens to pay their respect. People from all walks of life gather to offer flowers, recite patriotic songs, and recall the sacrifices made by the nation’s heroes. Write the meanings of the following words: Homage, M",public\ocr\books\class6-english\pages\page-048.json
class6-english-page-0049,class6-english,6,49,15,True,True,True,2,MULTIPLE_OCR_VERSIONS,"What did you do there? Well, I went there with my........... and my brother. Many people were there! Everybody went there to pay to the Liberation War martyrs. We were in a long queue. We had flowers with us. We wreaths of flowers before the mausoleum. My parents took me to the mass graveyards. They told us about the sacrifice of our people for T w",public\ocr\books\class6-english\pages\page-049.json
class6-english-page-0050,class6-english,6,50,15,True,True,True,2,MULTIPLE_OCR_VERSIONS,English For Today 45 Read the words in Column A. They are used in the text above. Match them with their meanings in the Column B. Column A Column B celebrate cemetery wreath freedom graveyard to give up independence observe martyr garland sacrifice encouragement inspiration a person who died for a religious or political belief Work in pairs and tak,public\ocr\books\class6-english\pages\page-050.json
class6-english-page-0051,class6-english,6,51,15,True,True,True,2,MULTIPLE_OCR_VERSIONS,"Lesson 14 The Lion’s Mane read and understand texts Read the story: Once, a lion was sitting beside a river. Suddenly he looked at his own reflection and thought ""My mane is too old. I need a new hairstyle!"" The lion then roared ""I'm the king of the jungle and this unruly mane does not fit a king."" He dipped his paw into the river and tried despera",public\ocr\books\class6-english\pages\page-051.json
class6-english-page-0052,class6-english,6,52,16,True,True,True,2,MULTIPLE_OCR_VERSIONS,"English For Today 47 ""Flap it all up. That will suit you!” the zebra said. ""Yes, it will even look better with a bit of colour to match your moustache,” the giraffe added. “What about a few ribbons?” the vulture asked. Then cried the hyena,“I know, a paper crown is what you need!” A snake was passing by silently. Seeing the king there he simply rai",public\ocr\books\class6-english\pages\page-052.json
class6-english-page-0053,class6-english,6,53,17,True,True,True,2,MULTIPLE_OCR_VERSIONS,"48 English For Today A2. Answer the following questions: Why did the lion want to change his hairstyle? What was the giraffe's suggestion? Do you agree with the snake’s comment? Why/Why not? A3, Every animal has something that makes it different from others. Now, match the words in column A with the words in Column B to know the different marks of ",public\ocr\books\class6-english\pages\page-053.json
class6-english-page-0054,class6-english,6,54,17,True,True,True,2,MULTIPLE_OCR_VERSIONS,"Lesson 15 An Old People’s Home ¢ read and understand texts ask and answer questions ¢ write short paragraphs A, Read the text below: Mariam is a student of class six in a government school in Rajshahi. Her mother works in an office and her f father is a businessman. Mariam is very fond of her aunt, her father's sister, Suraitya Begum who lives in a",public\ocr\books\class6-english\pages\page-054.json
class6-english-page-0055,class6-english,6,55,17,True,True,True,2,MULTIPLE_OCR_VERSIONS,"all love her very much. She tells them about her school and friends, her studies, her family. And they often tell her funny stories, fairy tales and ghost Read the text carefully again and match the words on the left with the words on the right that have similar meanings. bored woman whose husband has died and who hasn't married again miserable | a",public\ocr\books\class6-english\pages\page-055.json
class6-english-page-0056,class6-english,6,56,18,True,True,True,2,MULTIPLE_OCR_VERSIONS,"English For Today 51 Dear Sharmila, How are you? I'm writing to share with you a plan that I have. I know some old, physically weak and lonely people in our town. Some of them are quite well-off and some are not. But they all share one common thing that is they live alone and have no one to take care of them in sickness. Sometimes they don't have a",public\ocr\books\class6-english\pages\page-056.json
class6-english-page-0057,class6-english,6,57,18,True,True,True,2,MULTIPLE_OCR_VERSIONS,"Lesson 16 Boats Sail on the Rivers © recognise English sounds recognise intonation in sentences © understand and enjoy stories and poems Boats sail on the rivers - Christina Georgina Rossetti Boats sail on the rivers, And ships sail on the seas; But clouds that sail across the sky Are prettier far than these. There are bridges on the rivers, As pre",public\ocr\books\class6-english\pages\page-057.json
class6-english-page-0058,class6-english,6,58,18,True,True,True,2,MULTIPLE_OCR_VERSIONS,"Lesson 17 Ave You Listening?-2 recognise English sounds * recognise word stress and stress on words in sentences recognise intonation in sentences ¢ use English sounds appropriately © use proper intonation in sentences ¢ read aloud texts with proper pronunciation, stress and intonation pronounce each word, as the spellings and sounds can be quite t",public\ocr\books\class6-english\pages\page-058.json
class6-english-page-0059,class6-english,6,59,18,True,True,True,2,MULTIPLE_OCR_VERSIONS,"54 English For Today Al, Underline the words in the poem which have the same letter combinations in their spelling, but different pronunciation. Practice saying them with a friend. A2. The words “alive”, “five”, and “write” from the poem have the same vowel sound. Now, read and listen to some other words that have the same sound as these. ice-cream",public\ocr\books\class6-english\pages\page-059.json
class6-english-page-0060,class6-english,6,60,19,True,True,True,2,MULTIPLE_OCR_VERSIONS,Read the sentences below and choose the right words from the list of words in the box to fill in the blanks. nine time fine five ride shore bicycle night tide rise Mike is a young accountant. He works from to in a government office. In his free he loves to his along the sea. He often comes to the sea beach at. He loves to watch the moon in the sky ,public\ocr\books\class6-english\pages\page-060.json
class6-english-page-0061,class6-english,6,61,20,True,True,True,2,MULTIPLE_OCR_VERSIONS,Lesson 18 Make Your Snacks read and understand written instructions © read and understand texts Mrs. Nilufar Ahmed is teaching her son Adib how to make easy snacks at home. She is reading a set of instructions from a recipe book. First look at the pictures of the things you will need to make an egg sandwich and match them with their names in the li,public\ocr\books\class6-english\pages\page-061.json
class6-english-page-0062,class6-english,6,62,20,True,True,True,2,MULTIPLE_OCR_VERSIONS,"English For Today 57 Remember to wash and dry all vegetables before preparing them. Be extra careful when handling sharp knife. You may wish to choose a variety of fillings, For example, 4 slices of cucumber, | slice of meat such as chicken loaf or meat loaf, mustard and Al, Fill in the blanks and complete the instructions for making First, take tw",public\ocr\books\class6-english\pages\page-062.json
class6-english-page-0063,class6-english,6,63,21,True,True,True,2,MULTIPLE_OCR_VERSIONS,"58 English For Today A recipe: how to make the perfect Omelette Use a minimum of per omelette. Break the eggs of water and just a little the bowl. Add slices of and ~ well. You need a little bit of j | Beat the mix with a Put oil in a. Then the oil. When the oil is hot, Pa the egg, onion and chilli mix into it. Spread the mix round the pan. Leave t",public\ocr\books\class6-english\pages\page-063.json
class6-english-page-0064,class6-english,6,64,21,True,True,True,2,MULTIPLE_OCR_VERSIONS,"English For Today 59 Now, use some of the verbs above to write a simple recipe for making instant noodles. First, water into a pot. Put your pot on a stove and the water for two minutes. some onions and a green chilli thinly. Then, add noodles into the water. gently with a spoon. Add the spices that come with the noodles. Add the onions and green c",public\ocr\books\class6-english\pages\page-064.json
class6-english-page-0065,class6-english,6,65,22,True,True,True,2,MULTIPLE_OCR_VERSIONS,"Lesson 19 Stop, Look and Listen read aloud texts with proper pronunciation, stress and intonation * read and understand texts ""Stop, Look, and Listen” Is a very good rule to use Not just before you cross a street, But when you look for clues. Al, Did you enjoy the poem? Discuss with a partner about what the poet is trying to say here. Quickly read ",public\ocr\books\class6-english\pages\page-065.json
class6-english-page-0066,class6-english,6,66,22,True,True,True,2,MULTIPLE_OCR_VERSIONS,"English For Today 61 Hason Raja: The Mystic Bard ¢ read and understand texts © ask and answer questions ¢ read aloud with proper pronunciation, stress and intonation anything about them? A “bard” is one who writes poems and songs. A “mystic” is one who seeks truth and strives to become united with God through prayer and The pictures above are of th",public\ocr\books\class6-english\pages\page-066.json
class6-english-page-0067,class6-english,6,67,22,True,True,True,2,MULTIPLE_OCR_VERSIONS,"wrote about a thousand songs which reflected his thoughts. In 1906, he published a book called Hason Udash. The book had 206 songs in it. In his songs, he called himself ‘Crazy Hason Raja’, or ‘Pagla Hason Raja’. Another volume called Hason Raja Samagra (Complete Works of Hason Raja) was also published, which contained 500 poems and songs. Hason Ra",public\ocr\books\class6-english\pages\page-067.json
class6-english-page-0068,class6-english,6,68,23,True,True,True,2,MULTIPLE_OCR_VERSIONS,"Lesson 21 Wonders of the World-1 follow instructions, commands, requests accordingly read and understand texts Now, listen to the audio and fill in the gaps of the following text: The pyramids are huge for the ancient kings and queens of Egypt. These kings and queens are known as the Tt needed a few thousand to build the pyramids. The most FAMOUS a",public\ocr\books\class6-english\pages\page-068.json
class6-english-page-0069,class6-english,6,69,23,True,True,True,2,MULTIPLE_OCR_VERSIONS,"Now, make some questions based on the passage you read, using the cues given below: Shah Jahan built To complete the Taj it took Read the text about one of the wonders of the world, the Eiffel Tower. Put the verbs in brackets into the correct tense. The Eiffel Tower is a lattice tower in Paris. It (be) built in Now it i8 (consider) a cultural icon ",public\ocr\books\class6-english\pages\page-069.json
class6-english-page-0070,class6-english,6,70,23,True,True,True,2,MULTIPLE_OCR_VERSIONS,Lesson 22 Wonders of the World-2 read and understand texts write short paragraphs Nira and Mong Pru are excited! They are waiting eagerly for their teacher to come and start the lesson. They are going to read about the wonders of the modern world. Read the text below: People often speak about the wonders of the past. Mostly they were huge buildings,public\ocr\books\class6-english\pages\page-070.json
class6-english-page-0071,class6-english,6,71,24,True,True,True,2,MULTIPLE_OCR_VERSIONS,"travel much faster and higher than birds. Not only do we travel from one country to another, but we have also invented spacecraft that can travel from one planet to another Humans have set foot on the moon, and are even exploring Mars! Advancements in space travel technology have enabled scientists and astronauts to explore distant planets and moon",public\ocr\books\class6-english\pages\page-071.json
class6-english-page-0072,class6-english,6,72,24,True,True,True,2,MULTIPLE_OCR_VERSIONS,"Read the words in Column A and match the opposite meanings given in Column B. Column A Column B unbelievable simple awesome backdated fabulous ordinary tremendous believable Now, read the following dialogue and fill in the gaps with suitable words, You can use some of the words from the earlier excercises in activity Al & A2 Have you finished readi",public\ocr\books\class6-english\pages\page-072.json
class6-english-page-0073,class6-english,6,73,24,True,True,True,2,MULTIPLE_OCR_VERSIONS,"Lesson 23 We Live in a Global Village e read and understand the texts ¢ follow instructions, commands, request and act accordingly © understand and enjoy stories and poems A, Look at the pictures and discuss with your partner what you see in. Sohan has received a letter from his uncle, who is a captain in the Bangladesh Army. At present, he is in C",public\ocr\books\class6-english\pages\page-073.json
class6-english-page-0074,class6-english,6,74,24,True,True,True,2,MULTIPLE_OCR_VERSIONS,"English For Today 69 went to a Singaporean school. After a few years, he went to Denmark and completed his schooling there. For higher studies, he enrolled in a university in the US, and completed both his bachelor’s and master’s degrees there. Since then, he has travelled to many other countries around the world. Ashar is now in Congo as a member ",public\ocr\books\class6-english\pages\page-074.json
class6-english-page-0075,class6-english,6,75,25,True,True,True,2,MULTIPLE_OCR_VERSIONS,"Where is Congo? Who called Ashar Santoso ‘Mr Global Citizen’? Why? Would you like to be a global citizen? If you got the chance to meet Ashar Santoso, what questions would you ask him? Make a list of five questions. The term village’ was.......... used by Marshal McLuhan. In 1962 and he wrote two books on media and communication. In his books he sa",public\ocr\books\class6-english\pages\page-075.json
class6-english-page-0076,class6-english,6,76,25,True,True,True,2,MULTIPLE_OCR_VERSIONS,"Lesson 24 Our Wage Earners e ask and answer questions ¢ read and understand texts ® participate in short dialogues and conversations on familiar topics say which words are related with the pictures. wage earner, skilled worker, economy, job, tourists, pleasure, abroad, B, Answer the following questions in pairs, then read the text e Do you know any",public\ocr\books\class6-english\pages\page-076.json
class6-english-page-0077,class6-english,6,77,25,True,True,True,2,MULTIPLE_OCR_VERSIONS,"B1. Complete column B of the table below with information from the text you have read. Column A Column B Countries which prefer Bangladeshi Skills required for good jobs abroad Advantages of developing language Advantages of getting better jobs Sohan had a conversation with a Bangladeshi doctor, Mr Arman who works in a hospital in Cairo, Egypt. Rea",public\ocr\books\class6-english\pages\page-077.json
class6-english-page-0078,class6-english,6,78,26,True,True,True,2,MULTIPLE_OCR_VERSIONS,"English For Today 73 Language Focus Modal verbs can/can't, could/couldn't, may, should, must/mustn't: Can you tell me something about Cairo? Yes, I can. /No, I can't. You could enjoy the night view of Port What else could I see there?) Suez. But you couldn't go across the Red Sea without valid visa. You can have traditional Egyptian dishes What can",public\ocr\books\class6-english\pages\page-078.json
class6-english-page-0079,class6-english,6,79,26,True,True,True,2,MULTIPLE_OCR_VERSIONS,the capital of ancient Bengal there. the Lalbagh Fort in the old part of Dhaka. a couple of hours at the Baldha Garden. the Ahsan Manzil too. a boat ride on the Buriganga river. the taste of Mughlai Khana once you're in Dhaka. a Tom Tom ride from Sadarghat to Gulistan. Chatpati or Fuchka on the footpath. But you......... tap water in a restaurant. ,public\ocr\books\class6-english\pages\page-079.json
class6-english-page-0080,class6-english,6,80,26,True,True,True,2,MULTIPLE_OCR_VERSIONS,"The Concert for Bangladesh ¢ read and understand texts ¢ ask and answer questions © participate in short dialogues and conversations on familiar topics It’s Friday evening. Mr. Farhad is watching television in the sitting room. His daughter Fahmida comes in. A tall, bearded man with long hair is playing a guitar and singing a song, “Bangladesh, Ban",public\ocr\books\class6-english\pages\page-080.json
class6-english-page-0081,class6-english,6,81,26,True,True,True,2,MULTIPLE_OCR_VERSIONS,"Mr. Farhad Well, the Concert for Bangladesh was held on the Ist August, 1971 at the Madison Square Garden, New York. George Harrison and some other famous musicians performed in that live concert in front of an audience of about forty thousand people. It was organised to make the world aware of the sufferings of Bangladesh during our liberation war",public\ocr\books\class6-english\pages\page-081.json
class6-english-page-0082,class6-english,6,82,26,True,True,True,2,MULTIPLE_OCR_VERSIONS,"English For Today 7 Bangladesh, Bangladesh Where so many people are dying fast And it sure looks like a mess I've never seen such distress Now, won't you lend your hand and understand Relieve the people of Bangladesh Bangladesh, Bangladesh Such a great disaster - I don't understand But it sure looks like a mess I've never known such distress Now, p",public\ocr\books\class6-english\pages\page-082.json
class6-english-page-0083,class6-english,6,83,27,True,True,True,2,MULTIPLE_OCR_VERSIONS,"Lesson 26 Buying Clothes ask and answer questions read and understand texts A, Match the words with the pictures of clothes. panjabi | shorts | trousers jacket saree jeans T-shirt shoes In pairs, discuss the following questions about you. Have you ever been to a clothes shop? If no, then who buys your clothes? If yes, then who did you go with to th",public\ocr\books\class6-english\pages\page-083.json
class6-english-page-0084,class6-english,6,84,28,True,True,True,2,MULTIPLE_OCR_VERSIONS,"English For Today 79 Mrs. Urmila Karim is going to buy some clothes for her son Imran. They are now at a clothes shop. Read the conversation between Imran and the shop assistant. Imran Excuse me, where are the polo shirts? Assistant They're over there in the boy's section. Let me show you. Imran Thanks. Do you have one without a chain? Assistant Ye",public\ocr\books\class6-english\pages\page-084.json
class6-english-page-0085,class6-english,6,85,28,True,True,True,2,MULTIPLE_OCR_VERSIONS,"C2. Look at the useful expressions that Imran uses at the shop. Use the words below for each incomplete sentence to make a complete sentence. Excuse me, where are the? polo shirts/trousers/socks/shoes Do you have the kinds without..............? buttons/lace/hooks Do you have these in a different? colour/size/design this/these/the shirt/these socks",public\ocr\books\class6-english\pages\page-085.json
class6-english-page-0086,class6-english,6,86,29,True,True,True,2,MULTIPLE_OCR_VERSIONS,"I need some shoes. How about these? No, the heels are too high. Do you want flat shoes then? No, not flat, something in between. A bit of heel but not too high. What about this T-shirt, Imran? No, mom. I don't like the cartoon on the front. Well, what about that one, with writings on the chest? No, I don't really like that either. I want something ",public\ocr\books\class6-english\pages\page-086.json
class6-english-page-0087,class6-english,6,87,29,True,True,True,2,MULTIPLE_OCR_VERSIONS,"Imran I need to buy a shirt, too. Mrs. Karim Look, this shirt has nice prints! Imran No, mom. I want something more formal. Mrs. Karim — Then what about this one with stripes? Imran No, it's too boring. Look at this shirt with checks. This Mrs. Karim __ Yes, that's much better. Well, take it then. | try wearing flat match suit | size cheaper shorts",public\ocr\books\class6-english\pages\page-087.json
class6-english-page-0088,class6-english,6,88,30,True,True,True,2,MULTIPLE_OCR_VERSIONS,"Lesson 27 Andre read aloud texts with proper pronunciation, stress and intonation * read and understand written instructions © understand and enjoy stories and poems -Gwendolyn Brooks Thad a dream last night. I dreamed Thad to pick a mother out. I had to choose a father too. At first, I wondered what to do, There were so many there, it seemed, Shor",public\ocr\books\class6-english\pages\page-088.json
class6-english-page-0089,class6-english,6,89,30,True,True,True,2,MULTIPLE_OCR_VERSIONS,"Lesson 28 Arve you Listening?-3 © recognise English sounds © recognise word and stress on words in sentences read aloud with proper pronunciation, stress and intonation A, Listen to and say the following words. Notice how the letter ‘O’ is pronounced in words in List 1 and List 2 AL. Listen to and practise saying some more words with the two vowel ",public\ocr\books\class6-english\pages\page-089.json
class6-english-page-0090,class6-english,6,90,31,True,True,True,2,MULTIPLE_OCR_VERSIONS,"English For Today 85 A2, Read the following passage. Choose a word from the list of words below to fill in each of the blanks in the sentences. phone | bowl | hope home | stove | close I was waiting formy friend Shila. But since she was late, 1 thought I would just go to the bookstore and get some stationery from there. Bu, | left the following nex",public\ocr\books\class6-english\pages\page-090.json
class6-english-page-0091,class6-english,6,91,31,True,True,True,2,MULTIPLE_OCR_VERSIONS,"Lesson 29 Taking read and understand written instructions read and understand texts Read the passage below: Hena and her twin sister Bina both study in class six. They are having the half-yearly examination at school. Today they are going to take the English test. Their teacher Ms. Shima Chowdhury enters the classroom. Before the test starts, she g",public\ocr\books\class6-english\pages\page-091.json
class6-english-page-0092,class6-english,6,92,32,True,True,True,2,MULTIPLE_OCR_VERSIONS,"English For Today 87 Look at the following signs. for the above signs. Use the words in the box. Add 'Do not' if necessary. use | walk | pay | throw | drive | blow Hospital ahead! horns. iti. litter in public places. the waste bin. for your goods at the cash counter. carefully, Children’s playground ahead!",public\ocr\books\class6-english\pages\page-092.json
class6-english-page-0093,class6-english,6,93,32,True,True,True,2,MULTIPLE_OCR_VERSIONS,"Lesson 30 What Should WeDo? ¢rcad and understand texts «read and understand written instructions write questions and answers © write short paragraphs Bahar, Azim, Joseph and Shujan are classmates, They are planning a Bahar We have a week's vacation next week. What should we do? Azim Let's go somewhere we haven't been before. Joseph Right! T saw an ",public\ocr\books\class6-english\pages\page-093.json
class6-english-page-0094,class6-english,6,94,33,True,True,True,2,MULTIPLE_OCR_VERSIONS,"English For Today 89 Al, Make a list of the places the friends wanted to go to. Why did they want to go to these places? A2, Think of a place you would like to go to. Now write down a few sentences about where you want to go, why you want to go there, who you want to go with. Language Focus For suggestions, we often use these expressions: What shou",public\ocr\books\class6-english\pages\page-094.json
class6-english-page-0095,class6-english,6,95,33,True,True,True,2,MULTIPLE_OCR_VERSIONS,"Lesson 31 Too Much Little Water read and understand texts © write short paragraphs Al, Discuss in groups what you see in the pictures. A2, Read the following passage: Sometimes it rains so heavily that floods occur. Because of heavy rainfall, river water overflows its banks and floods vast areas of land, towns and A3. Write down a few sentences abo",public\ocr\books\class6-english\pages\page-095.json
class6-english-page-0096,class6-english,6,96,33,True,True,True,2,MULTIPLE_OCR_VERSIONS,"English For Today 91 Sometimes we really are short of water. This can happen if there is no rainfall for a long period of time. Sometimes rivers dry up, or the water level underground may sink very low. If there is too little water, that causes a lot of suffering to the people. B1. Look at the pictures below and discuss what you see. B2, Look at th",public\ocr\books\class6-english\pages\page-096.json
class6-english-page-0097,class6-english,6,97,33,True,True,True,2,MULTIPLE_OCR_VERSIONS,"Lesson 32 An Invitation for Robin read and understand texts * ask and answer questions * write short paragraphs write simple informal letters Robin received a letter. He read the letter over and over. He was very excited, It came from his aunt Amina. Aunt Amina and her family live in the countryside forty miles away from Dhaka. Robin ran to his mot",public\ocr\books\class6-english\pages\page-097.json
class6-english-page-0098,class6-english,6,98,33,True,True,True,2,MULTIPLE_OCR_VERSIONS,"Al, Read the letter again and then answer the following questions: a, Why was Robin excited? How would he go to the country? A2. Write a few sentences of your own with the following expressions: I would like you to Would you please A3. Write a similar invitation letter to a friend. Tell him /her about some of the things you plan to do together. A f",public\ocr\books\class6-english\pages\page-098.json
class6-english-page-0099,class6-english,6,99,33,True,True,True,2,MULTIPLE_OCR_VERSIONS,"Lesson 33 The Garden read and understand texts * use punctuation marks e. g. comma, full stop, qusestion mark, exelamation mark, quotation marks in sentences © understand and enjoy a story Read the story below: Frog was in his garden. Toad came walking by. ""What a fine garden you have, Frog.” he said. ""Yes,"" said Frog. It is very nice, but it was h",public\ocr\books\class6-english\pages\page-099.json
class6-english-page-0100,class6-english,6,100,33,True,True,True,2,MULTIPLE_OCR_VERSIONS,"English For Today 95 Toad ran home. He planted the flower seeds. ""New seeds,"" said Toad, ""start growing."" Toad walked up and down a few times. The seeds did not start to grow. Toad put his head close to the ground and cried, ""Now seeds, start growing!"" The seeds did not start to grow. Toad put his head very close to the ground and shouted, ""NOW SEE",public\ocr\books\class6-english\pages\page-100.json
class6-english-page-0101,class6-english,6,101,,True,True,True,2,MULTIPLE_OCR_VERSIONS,"Frog ran up the path. “What is going on?” he asked. ""My seeds will not grow,"" said Toad. ""You are shouting too much,” said Frog. ""These poor seeds are afraid to grow.” ""My seeds are afraid to grow?"" asked ""Yes,"" said Frog. ""Leave them alone for a few days. Let the sun shine on them, let the rain fall on them. Soon your seeds will start to grow.” Th",public\ocr\books\class6-english\pages\page-101.json
class6-english-page-0102,class6-english,6,102,,True,True,True,2,MULTIPLE_OCR_VERSIONS,"English For Today 97 Toad went out to his garden. ""T will read the seeds a story,"" said Toad. Toad read a long story to his seeds. All the next day Toad sang songs to his And all the next day Toad read poems to And all the next day Toad played music for his seeds. Toad looked at the ground. The seeds still did not start to grow. Forma- 13, English ",public\ocr\books\class6-english\pages\page-102.json
class6-english-page-0103,class6-english,6,103,,True,True,True,2,MULTIPLE_OCR_VERSIONS,"""What shall I do?” cried Toad. ""These seeds are still afraid to grow.” Then Toad became very tired, and he fell asleep. ""Toad, Toad, wake up,” said Frog. ""Look at your garden!"" Toad looked at his garden. Little green plants were growing up out of the ground. ""At last,"" shouted Toad, “my seeds are not afraid anymore.”",public\ocr\books\class6-english\pages\page-103.json
class6-english-page-0104,class6-english,6,104,,True,True,True,2,MULTIPLE_OCR_VERSIONS,"English For Today 99 “And now you will have a nice garden, too,” said Frog. ""Yes,"" said Toad, ""but you were right, Frog. It was very hard work."" Al, Choose the right answer. The first thing Toad did was he ------------ watered the seeds kept the seeds in the sun planted the seeds put the seeds in a box",public\ocr\books\class6-english\pages\page-104.json
class6-english-page-0105,class6-english,6,105,,True,True,True,2,MULTIPLE_OCR_VERSIONS,"One is done for you. Column A Column B Punctuation marks Punctuation marks are special symbols used in writing to separate sentences and phrases. They show how a piece of text should be read and understood. The most common punctuation marks in English are: Full stop (.) — This shows that the sentence has ended. Comma {,) — This indicates a short pa",public\ocr\books\class6-english\pages\page-105.json
class6-english-page-0106,class6-english,6,106,,True,True,True,2,MULTIPLE_OCR_VERSIONS,"English For Today 101 Sample Question Subject: English First Paper Time: 3 hours Marks: 100 [Marks for individual items are mentioned next to the test items] Part A - Reading (Marks: 70) Read the text and answer the questions 1 & 2: Bulbul collects rubbish from the Sankar area in Dhaka. Every morning, he wakes up at 5 o'clock and walks along the st",public\ocr\books\class6-english\pages\page-106.json
class6-english-page-0107,class6-english,6,107,,True,True,True,2,MULTIPLE_OCR_VERSIONS,"102 English For Today Why was Sankar in great trouble last month? Bulbul went on vacation. The people refused to throw away their rubbish. ili, Bulbul was sick for two days and could not collect the rubbish. scattered the rubbish everywhere. e) What does Bulbul believe about his job? It is not important. Only educated people should do it. iii, All ",public\ocr\books\class6-english\pages\page-107.json
class6-english-page-0108,class6-english,6,108,,True,True,True,2,MULTIPLE_OCR_VERSIONS,"English For Today 103 Good health means proper functioning of body organs and fecling well in body and mind. Healthy people remain a), cheerful, and happy. They can enjoy life and b) others. To maintain health, follow hygiene princi- ples, which include rules and c) for staying healthy. Proper food, d) exercise, rest, cleanliness, and medical care ",public\ocr\books\class6-english\pages\page-108.json
class6-english-page-0110,class6-english,6,110,,True,True,True,2,MULTIPLE_OCR_VERSIONS,"English For Today 105 Answer any five of the following questions from the poems in your text- What is the main idea of the poem “Holding Hands”? What does the poet say about trunks and tails in the poem “Holding What does the line ""But bows cannot be built in heaven"" suggest in the poem “Boats sail on the What is the overall theme of the poem “Boat",public\ocr\books\class6-english\pages\page-110.json
class6-english-page-0115,class6-english,6,115,,False,False,False,1,FRONT_MATTER | TOO_SHORT_FOR_SFT | distribution information,"2026 Academic Year Class Six: English For Today United we stand, divided we fall. For free distribution by the Government of the People’s Republic of Bangladesh.",public\ocr\books\class6-english\pages\page-115.json
class7-english-page-0001,class7-english,7,1,,False,False,False,1,TOO_SHORT_FOR_SFT,"@® ENGLISH FOR TODAY G US: National Curriculum and Textbook Board, Bangladesh",public\ocr\books\class7-english\pages\page-001.json
class7-english-page-0002,class7-english,7,2,,False,False,False,1,FRONT_MATTER | TOO_SHORT_FOR_SFT | prescription page,"Prescribed by the National Curriculum and Textbook Board, Bangladesh as a textbook for Class Seven from the academic year 2023 Revised for the year 2026",public\ocr\books\class7-english\pages\page-002.json
class7-english-page-0003,class7-english,7,3,,False,False,False,1,FRONT_MATTER | copyright page | distribution information | publication information,"69-70, Motijheel Commercial Area, Dhaka [All rights reserved by the Publisher] First edition written and edited by Zulfeqar Haider Md Abdur Razzaque First Publication: September 2012 Revised Edition: September 2014 Revised Edition: November 2020 Revised Edition: October 2025 For Free Distribution by the Government of the People’s Republic of Bangla",public\ocr\books\class7-english\pages\page-003.json
class7-english-page-0004,class7-english,7,4,,False,False,True,1,FRONT_MATTER | OCR_REVIEW_NEEDED | acknowledgement | administrative signature | contributor listing | curriculum preface | policy preface | possible OCR spelling error,"The importance of formal education is diversified. The prime goal of modern education is not only to impart knowledge but rather to build a prosperous nation by developing skilled human resources. At the same time, education is the best means of developing a society that is free from superstitions and adheres to science and facts. To stand as a dev",public\ocr\books\class7-english\pages\page-004.json
class7-english-page-0006,class7-english,7,6,,True,False,False,1,TOO_SHORT_FOR_SFT,"Attention, Please Learning outcomes After we have studied this unit, we will be able to e follow instructions, commands, requests, announcements and act accordingly e use sounds, stress and intonation e ask and answer questions Class 7 English Forma-01",public\ocr\books\class7-english\pages\page-006.json
class7-english-page-0015,class7-english,7,15,,True,False,False,1,TOO_SHORT_FOR_SFT,"My Study Guide Learning outcomes After we have studied this unit, we will be able to © look up words in a dictionary @ read and understand the table of content pages",public\ocr\books\class7-english\pages\page-015.json
class7-english-page-0017,class7-english,7,17,,True,False,True,1,ENCODING_REPAIRED | TOO_LONG_FOR_SFT,"B noun, ymbtot the ‘bathwater to lose sth that you want at © noun b) (pi. B's, b's /bix/) 4 [C, U} the second letter the same time as you are trying to get rid of ath that you do not want—more at suxEP 0. of the English aly: ‘Butter’ begins with (0) B/'B’. (C. U) the 71H note in the Sod. lonty before noun] baby are a very srnall version of particul",public\ocr\books\class7-english\pages\page-017.json
class7-english-page-0019,class7-english,7,19,,False,False,False,1,FRONT_MATTER | contents page,"14 ENGLISH FOR TODAY Rupa: She is! I also like her very much. And she is very organised. She knows how to make us work in groups and pairs. So we are never Ananda: By the way, I’ve another problem. Do you understand the ‘Table of Contents’ at the beginning of a book? Rupa: Hmmm... yes, I’ve learnt it from my elder can try to explain it to you if yo",public\ocr\books\class7-english\pages\page-019.json
class7-english-page-0020,class7-english,7,20,,False,False,False,1,FRONT_MATTER | contents page,"Unit 2: My Study Guide 15 How many subjects / topics do you see here? What do the numbers on the right-hand side mean? Who do you think the people whose names are written after the subyects or topics are? 4 What is each topic / subject called? read, and, books, are, topics of, book. only, which, is The text above is a table contents. It shows what ",public\ocr\books\class7-english\pages\page-020.json
class7-english-page-0021,class7-english,7,21,,True,False,False,1,TOO_SHORT_FOR_SFT,"What are Friends for? Learning Outcomes After we have studied this unit, we will be able to ask and answer questions « talk about familiar events © read and understand texts * write answers to questions « short compositions",public\ocr\books\class7-english\pages\page-021.json
class7-english-page-0038,class7-english,7,38,,True,True,True,1,OCR_REVIEW_NEEDED | possible OCR spelling error | several unusually long tokens,"Unit Four: People Who Make a Difference 33 the ineffectiveness of political establishments and grew increasingly frustrated with the status quo. The July Uprising of 2024 signals an urgent call for adaptation. Outdated methods can no longer meet the challenges of today’s world. To support Gen Z’s ambitions truly, we need concrete steps as political",public\ocr\books\class7-english\pages\page-038.json
class7-english-page-0050,class7-english,7,50,,True,True,True,1,OCR_REVIEW_NEEDED | several unusually long tokens,Unit Four: People Who Make a Difference 45 Lesson 11: Waiting for a Torch Bearer Keywords: poverty torch responsibility talking about. ATV reporter is interviewing Dr Mahmud Hasan about his dream. Read the interview. Why have you chosen this village for your work? The people of my village do not get proper healthcare support because of poverty. I h,public\ocr\books\class7-english\pages\page-050.json
class7-english-page-0060,class7-english,7,60,,True,False,False,1,TOO_SHORT_FOR_SFT,"Learning outcomes After we have studied this unit, we will be able to ask and answer questions read and enjoy poems use sounds, stress, and intonation appropriately read and understand texts write paragraphs and short compositions",public\ocr\books\class7-english\pages\page-060.json
class7-english-page-0102,class7-english,7,102,,True,False,False,1,TOO_SHORT_FOR_SFT,Unit Eight: Likes and Dislikes Turja likes listening to music and reading story books but he doesn’t like studying English or drawing pictures. Class 7 English Forma-13,public\ocr\books\class7-english\pages\page-102.json
class7-english-page-0107,class7-english,7,107,,True,True,True,1,OCR_REVIEW_NEEDED | possible OCR spelling error,"102 ENGLISH FOR TODAY Lesson 2: What Happens in Bangladesh? Keywords: prolonged, adverse, waterlogging, landslide, spell, crop, salinity, coastal, deforestation Samina and Arif are very upset to read about the effects of climate change. They are more curious to know what will happen in Bangladesh. Read the following text to know about this. Banglad",public\ocr\books\class7-english\pages\page-107.json
class7-english-page-0108,class7-english,7,108,,True,True,True,1,OCR_REVIEW_NEEDED | possible OCR spelling error,Unit Nine: Climate Change 103 Tick the best answer. One outcome of climate change in Bangladesh is summers are becoming shorter. summers are becoming milder. the monsoon is becoming irregular. the cities are getting larger. The cyclone that hit Bangladesh in 2009 is called It is likely that 10.9 percent of Bangladesh will go under water if the sea ,public\ocr\books\class7-english\pages\page-108.json
class7-english-page-0117,class7-english,7,117,,True,False,True,1,ENCODING_REPAIRED | TOO_SHORT_FOR_SFT,the average temperature of the Earth is increasing. some steps should be taken by the the variety of plant and animal species is decreasing contributes to global warming. causes sea levels to rise,public\ocr\books\class7-english\pages\page-117.json
class7-english-page-0122,class7-english,7,122,,False,False,False,1,FRONT_MATTER | TOO_SHORT_FOR_SFT | distribution information,2026 Academic Year Class Seven: English For Today There is no gain without pain. For free distribution by the Government of the People’s Republic of Bangladesh.,public\ocr\books\class7-english\pages\page-122.json
class8-english-page-0001,class8-english,8,1,,False,False,False,1,CLASS8_EXTERNAL_ONLY | TOO_SHORT_FOR_SFT,"Us: National Curriculum and Textbook Board, Bangladesh",public\ocr\books\class8-english\pages\page-001.json
class8-english-page-0002,class8-english,8,2,,False,False,False,1,CLASS8_EXTERNAL_ONLY | FRONT_MATTER | TOO_SHORT_FOR_SFT | prescription page,Prescribed by the National Curriculum and Textbook Board asa textbook for class eight from the academic year 2013 Revised for the year 2026,public\ocr\books\class8-english\pages\page-002.json
class8-english-page-0003,class8-english,8,3,,False,False,False,1,CLASS8_EXTERNAL_ONLY | FRONT_MATTER | copyright page | distribution information | publication information,"69-70, Motijheel Commercial Area, Dhaka [All rights reserved by the Publisher] First edition written and edited by M S Hoque, Yasmin Banu Surajit Roy Majumder, Md Abdur Razzaque Naina Shahzadi, Nargis Akhter Banu First Publication September. 2012 Revised Editon: September, 2014 Revised Editon: November, 2020 Revised Editon: October, 2024 Revised Ed",public\ocr\books\class8-english\pages\page-003.json
class8-english-page-0004,class8-english,8,4,,False,False,True,1,CLASS8_EXTERNAL_ONLY | FRONT_MATTER | OCR_REVIEW_NEEDED | acknowledgement | administrative signature | contributor listing | curriculum preface | policy preface | possible OCR spelling error,"The importance of formal education is diversified. The prime goal of modern education is not only to impart knowledge but rather to build a prosperous nation by developing skilled human resources. At the same time, education is the best means of developing a society that is free from superstitions and adheres to science and facts. To stand as a dev",public\ocr\books\class8-english\pages\page-004.json
class8-english-page-0005,class8-english,8,5,,True,False,False,1,CLASS8_EXTERNAL_ONLY,Unit Title Pages Unit 1 A Glimpse of Our Culture 1-12 Unit 2 Food and Nutrition 13-19 Unit 3 Health and Hygiene 20-33 Unit 4 Check Your References 34-43 Unit 5 Humans and Environment 44-61 Unit 6 Going on a Trip 62-79 Unit 7 Occupations at Risk 80-93 Unit 8 News! News! News! 94-112 Unit 9 Things that Have Changed Our Lives 113-131 Unit 11 Women’s R,public\ocr\books\class8-english\pages\page-005.json
