"example_id","task","book_id","class_level","page_number","question","options","answer","evidence_quote","automatic_decision","hard_errors","warnings","human_decision","reviewer","corrected_question","corrected_output_json","notes","source_preview"
"class6-english-page-0005-generate_mcq-v2","generate_mcq","class6-english","6","5","According to the lesson list, which activity involves learning about traditional remedies?","[""Grocery Shopping"", ""Holding Hands"", ""Remedies: Modern and Traditional"", ""An Unseen Beauty of Bangladesh""]","Remedies: Modern and Traditional","17 Lesson- 7 Holding Hands 19 Lesson- 8 | Grocery Shopping 21 Lesson- 9 Health is Wealth 28 Lesson- 10 | Remedies: Modern and Traditional 33 Lesson- 11 | Are You Listening?","REJECT","question is based on a lesson list","","REJECT","tushar","","","Source page is a lesson list, not a normal educational passage.","Lesson- | Going to a New School l Lesson- 2 Congratulations! Well Done! 4 Lesson- 3 Ata Railway Station 7 Lesson- 4 Where are You From? 9 Lesson- 5 Thanks for Your Work 13 Lesson- 6 | It Smells Good! 17 Lesson- 7 Holding Hands 19 Lesson- 8 | Grocery Shopping 21 Lesson- 9 Health is Wealth 28 Lesson- 10 | Remedies: Modern and Traditional 33 Lesson- 11 | Are You Listening?-1 37 Lesson- 12 | AnUnseen "
"class6-english-page-0005-short_extractive_qa-v2","short_extractive_qa","class6-english","6","5","What is one of the lessons about health?","[]","Health is Wealth","17 Lesson- 7 Holding Hands 19 Lesson- 8 | Grocery Shopping 21 Lesson- 9 Health is Wealth 28 Lesson- 10 | Remedies: Modern and Traditional 33 Lesson- 11 | Are You Listening?","PASS","","","ACCEPT","tushar","","","","Lesson- | Going to a New School l Lesson- 2 Congratulations! Well Done! 4 Lesson- 3 Ata Railway Station 7 Lesson- 4 Where are You From? 9 Lesson- 5 Thanks for Your Work 13 Lesson- 6 | It Smells Good! 17 Lesson- 7 Holding Hands 19 Lesson- 8 | Grocery Shopping 21 Lesson- 9 Health is Wealth 28 Lesson- 10 | Remedies: Modern and Traditional 33 Lesson- 11 | Are You Listening?-1 37 Lesson- 12 | AnUnseen "
"class6-english-page-0011-short_extractive_qa-v2","short_extractive_qa","class6-english","6","11","What would you say to somebody who has been ill?","[]","I'm sorry to hear that.","Bobby Oh, I'm sorry to hear that. How do you feel now?","PASS","","","ACCEPT","tushar","","","","6 English For Today Let's now see what we say when we hear about something not good or not happy. Read the following dialogues. Bobby Hi, Sujan! Why didn’t you come to school last week? Sujan I had the flu. I was in bed most of the time. Bobby Oh, I'm sorry to hear that. How do you feel now? Shakil Hello, Manik! Why are you so quiet today? Manik Did you see that pen my father gave me? I've lost it"
"class6-english-page-0012-generate_mcq-v2","generate_mcq","class6-english","6","12","According to the text, what was the woman in the queue doing?","[""Holding her child's hand tightly"", ""Talking loudly with a group of young people"", ""Reading a magazine on a bench"", ""Trying to carry three heavy suitcases""]","Holding her child's hand tightly","She was holding her child's hand tightly.","PASS","","","ACCEPT","tushar","","","","Lesson 3) Atta Railway Station read and understand texts My friend Sajjad and I were sitting at the railway station. I came to see him off. Sajjad was going to Dhaka to his elder sister's It was very crowded in the station. There was a long line of people at the ticket counter. A woman was standing in the queue. She was holding her child's hand tightly. A group of young people was talking loudly a"
"class6-english-page-0012-short_extractive_qa-v2","short_extractive_qa","class6-english","6","12","What was Sajjad going to Dhaka to see?","[]","his elder sister's","Sajjad was going to Dhaka to his elder sister's It was very crowded in the station.","PASS","","","ACCEPT","tushar","","","","Lesson 3) Atta Railway Station read and understand texts My friend Sajjad and I were sitting at the railway station. I came to see him off. Sajjad was going to Dhaka to his elder sister's It was very crowded in the station. There was a long line of people at the ticket counter. A woman was standing in the queue. She was holding her child's hand tightly. A group of young people was talking loudly a"
"class6-english-page-0014-generate_mcq-v2","generate_mcq","class6-english","6","14","In the conversation between Akash and James, where does James say he is from?","[""America"", ""England"", ""Bangladesh"", ""Italy""]","England","James I'm from England.","REVIEW","","source flag: MULTIPLE_OCR_VERSIONS | source page requires manual review","","","","","","Lesson 4 Where are You From? ® recognise words and stress on words in sentences © ask and answer questions It is natural that when two persons meet they would engage in a_ conversation. They may want to know where the other comes from, or what the other person does and so on. Here are some conversations in such everyday situations. class friends. Mamun and his friend Akash have gone to a book fair"
"class6-english-page-0014-short_extractive_qa-v2","short_extractive_qa","class6-english","6","14","Where is James from?","[]","I'm from England.","James I'm from England. to somebody.","REVIEW","","source flag: MULTIPLE_OCR_VERSIONS | source page requires manual review","","","","","","Lesson 4 Where are You From? ® recognise words and stress on words in sentences © ask and answer questions It is natural that when two persons meet they would engage in a_ conversation. They may want to know where the other comes from, or what the other person does and so on. Here are some conversations in such everyday situations. class friends. Mamun and his friend Akash have gone to a book fair"
"class6-english-page-0015-generate_mcq-v2","generate_mcq","class6-english","6","15","Why did the immigration officer ask Joy ‘Where do you come from?’ a second time?","[""To check Joy’s passport."", ""Because Joy was a new student."", ""And where are you coming from now?"", ""To see if Joy remembered his name.""]","And where are you coming from now?","And where are you coming from now? I'm coming from London.","REVIEW","","source flag: MULTIPLE_OCR_VERSIONS | source page requires manual review","","","","","","Sometimes the same questions can be asked in a different way. Here is a conversation between an immigration officer and a passenger at the Shahjalal International Airport, Dhaka. Listen to the conversation first and then practise it with a partner. Your name, Sir? Where do you come from, Mr. Smith? And where are you coming from now? I'm coming from London. Welcome to Bangladesh, Sir. Have a nice s"
"class6-english-page-0015-short_extractive_qa-v2","short_extractive_qa","class6-english","6","15","Why does the immigration officer ask the passenger 'And where are you coming from now?'","[]","the first day in the new class after the annual exam.","the first day in the new class after the annual exam. The boy sitting next to Joy is a new student.","REVIEW","","question does not end with a question mark | source flag: MULTIPLE_OCR_VERSIONS | source page requires manual review","","","","","","Sometimes the same questions can be asked in a different way. Here is a conversation between an immigration officer and a passenger at the Shahjalal International Airport, Dhaka. Listen to the conversation first and then practise it with a partner. Your name, Sir? Where do you come from, Mr. Smith? And where are you coming from now? I'm coming from London. Welcome to Bangladesh, Sir. Have a nice s"
"class6-english-page-0016-generate_mcq-v2","generate_mcq","class6-english","6","16","What is Mamun designing at the moment?","[""offices and shopping centres"", ""a school building on the outskirts of Dhaka"", ""a story book"", ""the Town Hall Library""]","a school building on the outskirts of Dhaka","She is designing a school building on the outskirts of Dhaka.","REVIEW","","source flag: MULTIPLE_OCR_VERSIONS | source page requires manual review","","","","","","English For Today 11 Joy asks Sajed do you come from, Sajed?""’ What could Joy ask him instead? Mamun and Akash are talking about Mamun's cousin Ruma. Listen to and practise the conversation in pairs. Akash What does your cousin do, Mamun? Mamun She is an architect. She mostly designs offices and shopping Akash What is she doing at Mamun Well, at the moment she is designing something different. She"
"class6-english-page-0016-short_extractive_qa-v2","short_extractive_qa","class6-english","6","16","What is she designing at the moment?","[]","She is designing a school building on the outskirts of Dhaka.","She is designing a school building on the outskirts of Dhaka. Mary and her mother are sitting in their living room.","REVIEW","","source flag: MULTIPLE_OCR_VERSIONS | source page requires manual review","","","","","","English For Today 11 Joy asks Sajed do you come from, Sajed?""’ What could Joy ask him instead? Mamun and Akash are talking about Mamun's cousin Ruma. Listen to and practise the conversation in pairs. Akash What does your cousin do, Mamun? Mamun She is an architect. She mostly designs offices and shopping Akash What is she doing at Mamun Well, at the moment she is designing something different. She"
"class6-english-page-0017-short_extractive_qa-v2","short_extractive_qa","class6-english","6","17","What is his/her name?","[]","Rashid Ahmed, Doctor Sumana Chowdhury, Lawyer","He is not seeing a patient) Rashid Ahmed, Doctor Sumana Chowdhury, Lawyer","REVIEW","","source flag: MULTIPLE_OCR_VERSIONS | source page requires manual review","","","","","","Language Focus Notice that sometimes the answer to ""Where do you come from?"" or ""Where are you from?"" is the name of the country one belongs to. But when both the speakers are from the same country, the question would obviously mean what part of the country one belongs to. doing?” do vou do?' means the same as ‘What's your profession?’ On the other hand, are you doing' refers to what you are doing"
"class6-english-page-0037-generate_mcq-v2","generate_mcq","class6-english","6","37","According to Simon, how long does he usually jog every day?","[""for half an hour"", ""every afternoon"", ""once a week"", ""pretty well""]","for half an hour","I get up early in the morning and do jogging for half an hour.","REVIEW","","source flag: MULTIPLE_OCR_VERSIONS | source page requires manual review","","","","","","Sohan Hi, Simon! You look so fit! Do you exercise regularly? Simon Yes, I do. I'm quite.......... about fitness. Sohan So, how......... do you exercise? Simon Well, | do jogging every day in the Then I play table tennis in the afternoon. Sohan table tennis, too. Simon Oh, will you come to play.......... then? Sohan Sure. But do you play? Simon Pretty well, I guess. Sohan All right. But I'm not ver"
"class6-english-page-0037-short_extractive_qa-v2","short_extractive_qa","class6-english","6","37","How many times a week does Simon do yoga?","[]","Once a week, I do yoga.","Once a week, I do yoga. Now, write about what you usually do or would like to do to keep Write a short paragraph on the rules of good health.","REVIEW","","source flag: MULTIPLE_OCR_VERSIONS | source page requires manual review","","","","","","Sohan Hi, Simon! You look so fit! Do you exercise regularly? Simon Yes, I do. I'm quite.......... about fitness. Sohan So, how......... do you exercise? Simon Well, | do jogging every day in the Then I play table tennis in the afternoon. Sohan table tennis, too. Simon Oh, will you come to play.......... then? Sohan Sure. But do you play? Simon Pretty well, I guess. Sohan All right. But I'm not ver"
"class6-english-page-0043-generate_mcq-v2","generate_mcq","class6-english","6","43","Where did Sam have lunch yesterday?","[""the bus station"", ""the book store"", ""the canteen"", ""her room-mate’s place""]","the canteen","[lost both at the canteen where I.","REVIEW","","source flag: MULTIPLE_OCR_VERSIONS | source page requires manual review","","","","","","Do you notice any difference between the vowel sounds in the words on the left column and the vowel sounds in the words on the right? Then listen to and repeat the sentences pronouncing the underlined words properly using the vowel sounds you just practised in section A. I met Benu and her room-mate in the book store. They were buying some papers and pens. Iremember her friend's face, but I can't "
"class6-english-page-0049-generate_mcq-v2","generate_mcq","class6-english","6","49","Why did people go to the mass graveyards?","[""To play games with their friends."", ""To pay to the Liberation War martyrs."", ""To visit a museum."", ""To buy souvenirs.""]","To pay to the Liberation War martyrs.","Everybody went there to pay to the Liberation War martyrs. We were in a long queue.","REVIEW","","source flag: MULTIPLE_OCR_VERSIONS | source page requires manual review","","","","","","What did you do there? Well, I went there with my........... and my brother. Many people were there! Everybody went there to pay to the Liberation War martyrs. We were in a long queue. We had flowers with us. We wreaths of flowers before the mausoleum. My parents took me to the mass graveyards. They told us about the sacrifice of our people for T was VETY to see the mass graves. | prayed for the s"
"class6-english-page-0049-short_extractive_qa-v2","short_extractive_qa","class6-english","6","49","What did you and your family do at the mausoleum?","[]","We wreaths of flowers before the mausoleum.","We wreaths of flowers before the mausoleum. My parents took me to the mass graveyards.","REVIEW","","source flag: MULTIPLE_OCR_VERSIONS | source page requires manual review","","","","","","What did you do there? Well, I went there with my........... and my brother. Many people were there! Everybody went there to pay to the Liberation War martyrs. We were in a long queue. We had flowers with us. We wreaths of flowers before the mausoleum. My parents took me to the mass graveyards. They told us about the sacrifice of our people for T was VETY to see the mass graves. | prayed for the s"
"class6-english-page-0061-generate_mcq-v2","generate_mcq","class6-english","6","61","According to the instructions, what should you do first when making an egg sandwich?","[""Spread the butter thinly on one side of each slice."", ""Put a slice of cheese on the buttered side of the bread."", ""Take two slices of bread."", ""Arrange slices of cucumber and one tomato on the egg.""]","Take two slices of bread.","List of ingredients: Two slices of bread Cucumber- 2/3 slices Tomato- 1/2 slices Butter or mayonnaise Egg (boiled/fried) One slice of cheese How to make it: First, take two slices of bread. Spread the butter thinly on one side of each slice.","REVIEW","","source flag: MULTIPLE_OCR_VERSIONS | source page requires manual review","","","","","","Lesson 18 Make Your Snacks read and understand written instructions © read and understand texts Mrs. Nilufar Ahmed is teaching her son Adib how to make easy snacks at home. She is reading a set of instructions from a recipe book. First look at the pictures of the things you will need to make an egg sandwich and match them with their names in the list of ingredients below. List of ingredients: Two "
"class6-english-page-0061-short_extractive_qa-v2","short_extractive_qa","class6-english","6","61","What does Mrs. Nilufar Ahmed spread thinly on one side of each slice?","[]","the butter thinly on one side of each slice","Spread the butter thinly on one side of each slice.","REVIEW","","source flag: MULTIPLE_OCR_VERSIONS | source page requires manual review","","","","","","Lesson 18 Make Your Snacks read and understand written instructions © read and understand texts Mrs. Nilufar Ahmed is teaching her son Adib how to make easy snacks at home. She is reading a set of instructions from a recipe book. First look at the pictures of the things you will need to make an egg sandwich and match them with their names in the list of ingredients below. List of ingredients: Two "
"class6-english-page-0063-short_extractive_qa-v2","short_extractive_qa","class6-english","6","63","What do you need to add to the bowl when making an omelette?","[]","Break the eggs of water and just a little the bowl.","Break the eggs of water and just a little the bowl. Add slices of and ~ well.","REVIEW","","source flag: MULTIPLE_OCR_VERSIONS | source page requires manual review","","","","","","58 English For Today A recipe: how to make the perfect Omelette Use a minimum of per omelette. Break the eggs of water and just a little the bowl. Add slices of and ~ well. You need a little bit of j | Beat the mix with a Put oil in a. Then the oil. When the oil is hot, Pa the egg, onion and chilli mix into it. Spread the mix round the pan. Leave the mix in the pan for 2/3 minutes, As it thickens "
"class6-english-page-0066-short_extractive_qa-v2","short_extractive_qa","class6-english","6","66","When was Hason Raja born?","[]","Hason Raja was born in 1854","Read the following text: Hason Raja was born in 1854, into a wealthy landlord family in Sylhet.","REVIEW","","source flag: MULTIPLE_OCR_VERSIONS | source page requires manual review","","","","","","English For Today 61 Hason Raja: The Mystic Bard ¢ read and understand texts © ask and answer questions ¢ read aloud with proper pronunciation, stress and intonation anything about them? A “bard” is one who writes poems and songs. A “mystic” is one who seeks truth and strives to become united with God through prayer and The pictures above are of three renowned mystic bards of Bangladesh: Lalon Sha"
"class6-english-page-0067-short_extractive_qa-v2","short_extractive_qa","class6-english","6","67","What was the other name by which Hason Raja was known?","[]","‘Crazy Hason Raja’, or ‘Pagla Hason Raja’","In his songs, he called himself ‘Crazy Hason Raja’, or ‘Pagla Hason Raja’.","REVIEW","","source flag: MULTIPLE_OCR_VERSIONS | source page requires manual review","","","","","","wrote about a thousand songs which reflected his thoughts. In 1906, he published a book called Hason Udash. The book had 206 songs in it. In his songs, he called himself ‘Crazy Hason Raja’, or ‘Pagla Hason Raja’. Another volume called Hason Raja Samagra (Complete Works of Hason Raja) was also published, which contained 500 poems and songs. Hason Raja’s songs had always been popular in Sylhet, but "
"class6-english-page-0075-generate_mcq-v2","generate_mcq","class6-english","6","75","According to Marshal McLuhan, what has created a sense of connection between people around the world?","[""The telephone"", ""TV and electronic media"", ""Personal computers"", ""The Internet” 2062""]","TV and electronic media","In his books he said that telephone, TV and electronic media have brought all mankind close to one another.","REVIEW","","source flag: MULTIPLE_OCR_VERSIONS | source page requires manual review","","","","","","Where is Congo? Who called Ashar Santoso ‘Mr Global Citizen’? Why? Would you like to be a global citizen? If you got the chance to meet Ashar Santoso, what questions would you ask him? Make a list of five questions. The term village’ was.......... used by Marshal McLuhan. In 1962 and he wrote two books on media and communication. In his books he said that telephone, TV and electronic media have br"
"class6-english-page-0075-short_extractive_qa-v2","short_extractive_qa","class6-english","6","75","McLuhan believed that electronic media would make the world a global village.","[]","electronic............. would make the world a global village.","McLuhan believed that electronic............. would make the world a global village. When he first said about the idea of global village, the Internet was not invented.","REVIEW","","question does not end with a question mark | source flag: MULTIPLE_OCR_VERSIONS | source page requires manual review","","","","","","Where is Congo? Who called Ashar Santoso ‘Mr Global Citizen’? Why? Would you like to be a global citizen? If you got the chance to meet Ashar Santoso, what questions would you ask him? Make a list of five questions. The term village’ was.......... used by Marshal McLuhan. In 1962 and he wrote two books on media and communication. In his books he said that telephone, TV and electronic media have br"
"class6-english-page-0077-generate_mcq-v2","generate_mcq","class6-english","6","77","According to the text, what is one interesting place to visit in Cairo?","[""The Dhaka National Museum"", ""The Cairo Museum"", ""Sohan's hospital in Egypt"", ""Port Suez""]","The Cairo Museum","Well, you can visit the Cairo Museum and you should see the mummies.","REVIEW","","source flag: MULTIPLE_OCR_VERSIONS | source page requires manual review","","","","","","B1. Complete column B of the table below with information from the text you have read. Column A Column B Countries which prefer Bangladeshi Skills required for good jobs abroad Advantages of developing language Advantages of getting better jobs Sohan had a conversation with a Bangladeshi doctor, Mr Arman who works in a hospital in Cairo, Egypt. Read and practise the dialogue in pairs. Can you tell"
"class6-english-page-0077-short_extractive_qa-v2","short_extractive_qa","class6-english","6","77","What should you see there?","[]","You can visit the Cairo Museum and you should see the mummies.","Well, you can visit the Cairo Museum and you should see the mummies. And you mustn't leave Cairo without visiting Anything else?","REVIEW","","source flag: MULTIPLE_OCR_VERSIONS | source page requires manual review","","","","","","B1. Complete column B of the table below with information from the text you have read. Column A Column B Countries which prefer Bangladeshi Skills required for good jobs abroad Advantages of developing language Advantages of getting better jobs Sohan had a conversation with a Bangladeshi doctor, Mr Arman who works in a hospital in Cairo, Egypt. Read and practise the dialogue in pairs. Can you tell"
"class6-english-page-0087-generate_mcq-v2","generate_mcq","class6-english","6","87","Imran wants a shirt that is formal. Which shirt did his mother think was good?","[""This shirt has nice prints!"", ""The shirt with stripes"", ""This shirt with checks"", ""A red top""]","This shirt with checks","Look at this shirt with checks.","REVIEW","","source flag: MULTIPLE_OCR_VERSIONS | source page requires manual review","","","","","","Imran I need to buy a shirt, too. Mrs. Karim Look, this shirt has nice prints! Imran No, mom. I want something more formal. Mrs. Karim — Then what about this one with stripes? Imran No, it's too boring. Look at this shirt with checks. This Mrs. Karim __ Yes, that's much better. Well, take it then. | try wearing flat match suit | size cheaper shorts fit 1, Thave gained so much weight. My clothes do"
"class6-english-page-0087-short_extractive_qa-v2","short_extractive_qa","class6-english","6","87","What does Imran say he wants when looking for a shirt?","[]","I want something more formal.","I want something more formal. Mrs.","REVIEW","","source flag: MULTIPLE_OCR_VERSIONS | source page requires manual review","","","","","","Imran I need to buy a shirt, too. Mrs. Karim Look, this shirt has nice prints! Imran No, mom. I want something more formal. Mrs. Karim — Then what about this one with stripes? Imran No, it's too boring. Look at this shirt with checks. This Mrs. Karim __ Yes, that's much better. Well, take it then. | try wearing flat match suit | size cheaper shorts fit 1, Thave gained so much weight. My clothes do"
"class6-english-page-0088-short_extractive_qa-v2","short_extractive_qa","class6-english","6","88","What did Thad dream of doing in the poem?","[]","Thad to pick a mother out.","I dreamed Thad to pick a mother out. I had to choose a father too.","REVIEW","","source flag: MULTIPLE_OCR_VERSIONS | source page requires manual review","","","","","","Lesson 27 Andre read aloud texts with proper pronunciation, stress and intonation * read and understand written instructions © understand and enjoy stories and poems -Gwendolyn Brooks Thad a dream last night. I dreamed Thad to pick a mother out. I had to choose a father too. At first, I wondered what to do, There were so many there, it seemed, Short and tall and thin and stout. But just before I s"
"class6-english-page-0091-generate_mcq-v2","generate_mcq","class6-english","6","91","Ms. Shima Chowdhury tells the students not to do what with their question papers?","[""e. with others"", ""f. with others"", ""g. You out before one hour is over"", ""Be quiet, please! Do not make any noise.""]","g. You out before one hour is over","g. You out before one hour is over.","REVIEW","","source flag: MULTIPLE_OCR_VERSIONS | source page requires manual review","","","","","","Lesson 29 Taking read and understand written instructions read and understand texts Read the passage below: Hena and her twin sister Bina both study in class six. They are having the half-yearly examination at school. Today they are going to take the English test. Their teacher Ms. Shima Chowdhury enters the classroom. Before the test starts, she gives some instructions to the class. Ms. Chowdhury"
"class6-english-page-0091-short_extractive_qa-v2","short_extractive_qa","class6-english","6","91","What did Ms. Shima Chowdhury tell the students not to do with the questions?","[]","g. You out before one hour is over.","g. You out before one hour is over.","REVIEW","","source flag: MULTIPLE_OCR_VERSIONS | source page requires manual review","","","","","","Lesson 29 Taking read and understand written instructions read and understand texts Read the passage below: Hena and her twin sister Bina both study in class six. They are having the half-yearly examination at school. Today they are going to take the English test. Their teacher Ms. Shima Chowdhury enters the classroom. Before the test starts, she gives some instructions to the class. Ms. Chowdhury"
"class6-english-page-0093-short_extractive_qa-v2","short_extractive_qa","class6-english","6","93","Where did Bahar suggest they could go for a two day trip?","[]","A two day trip to Kuakata!","A two day trip to Kuakata! That sounds interesting!","REVIEW","","source flag: MULTIPLE_OCR_VERSIONS | source page requires manual review","","","","","","Lesson 30 What Should WeDo? ¢rcad and understand texts «read and understand written instructions write questions and answers © write short paragraphs Bahar, Azim, Joseph and Shujan are classmates, They are planning a Bahar We have a week's vacation next week. What should we do? Azim Let's go somewhere we haven't been before. Joseph Right! T saw an ad for an interesting place. Hmm... well, here it "
"class6-english-page-0105-generate_mcq-v2","generate_mcq","class6-english","6","105","According to the passage, what does a full stop (.) primarily indicate?","[""A comma in a sentence."", ""An exclamation of surprise."", ""That the sentence has ended."", ""A question being asked.""]","That the sentence has ended.",") — This shows that the sentence has ended. Comma {,) — This indicates a short pause in the sentence.","REVIEW","","source flag: MULTIPLE_OCR_VERSIONS | source page requires manual review","","","","","","One is done for you. Column A Column B Punctuation marks Punctuation marks are special symbols used in writing to separate sentences and phrases. They show how a piece of text should be read and understood. The most common punctuation marks in English are: Full stop (.) — This shows that the sentence has ended. Comma {,) — This indicates a short pause in the sentence. Question Mark (?) — This is u"
"class6-english-page-0105-short_extractive_qa-v2","short_extractive_qa","class6-english","6","105","What does the full stop show that the sentence has ended?","[]","This shows that the sentence has ended.",") — This shows that the sentence has ended. Comma {,) — This indicates a short pause in the sentence.","REVIEW","","source flag: MULTIPLE_OCR_VERSIONS | source page requires manual review","","","","","","One is done for you. Column A Column B Punctuation marks Punctuation marks are special symbols used in writing to separate sentences and phrases. They show how a piece of text should be read and understood. The most common punctuation marks in English are: Full stop (.) — This shows that the sentence has ended. Comma {,) — This indicates a short pause in the sentence. Question Mark (?) — This is u"
"class6-english-page-0109-generate_mcq-v2","generate_mcq","class6-english","6","109","According to the passage, what do people in villages celebrate?","[""Pahela Boishakh and Nabanna"", ""Cricket matches and picnics"", ""Birthday parties and weddings"", ""School exams and sports day""]","Pahela Boishakh and Nabanna","e) People in villages celebrate festivals like Pahela Boishakh and Nabanna Write a summary of the passage in your own words, 10 Match the parts of sentences from the Columns A and B to make five complete sentences.","PASS","","","ACCEPT","tushar","","","","104 English For Today There are no fruit trees in village gardens. e) People in villages celebrate festivals like Pahela Boishakh and Nabanna Write a summary of the passage in your own words, 10 Match the parts of sentences from the Columns A and B to make five complete sentences. Column A Column B (a) Food is one of the basic (i) without it (b) It is essential (ii) needs of human beings (c) We ca"
"class6-english-page-0111-short_extractive_qa-v2","short_extractive_qa","class6-english","6","111","What does Bulbul do every morning to keep the area clean?","[]","Bulbul wakes up early in the morning to collect rubbish from the Sankar area","Bulbul wakes up early in the morning to collect rubbish from the Sankar area and keep it clean.","PASS","","","ACCEPT","tushar","","","","Suggested Answers They put it in plastic bins and leave them in front of their houses. Bulbul was sick for two days and could not collect the rubbish. All jobs are important. The whole area became dirty and unhygienic. He knows the area will turn into a big dustbin if he stops working. Bulbul wakes up early in the morning to collect rubbish from the Sankar area and keep it clean. The people of San"
"class6-english-page-0112-generate_mcq-v2","generate_mcq","class6-english","6","112","According to the passage, what do most villagers in Rural Bangladesh work as?","[""Doctors and teachers"", ""Farmers, fishermen, or craftsmen"", ""Engineers and builders"", ""Shopkeepers and traders""]","Farmers, fishermen, or craftsmen","Most villagers work as farmers, fishermen, or craftsmen.","PASS","","","","","","","","English For Today 107 Rural Bangladesh is full of natural beauty with green fields, rivers and trees. Most villagers work as farmers, fishermen, or craftsmen. They grow crops like rice, jute and vegetables. Many village houses have gardens with fruit trees. Villagers cele- brate festivals such as Pahela Boishakh and Nabanna Utsab with joy. Life in the villag- es is simple but peaceful and happy. {"
"class6-english-page-0112-short_extractive_qa-v2","short_extractive_qa","class6-english","6","112","What do most villagers in rural Bangladesh work as?","[]","Most villagers work as farmers, fishermen, or craftsmen.","Most villagers work as farmers, fishermen, or craftsmen. They grow crops like rice, jute and vegetables.","PASS","","","","","","","","English For Today 107 Rural Bangladesh is full of natural beauty with green fields, rivers and trees. Most villagers work as farmers, fishermen, or craftsmen. They grow crops like rice, jute and vegetables. Many village houses have gardens with fruit trees. Villagers cele- brate festivals such as Pahela Boishakh and Nabanna Utsab with joy. Life in the villag- es is simple but peaceful and happy. {"
"class7-english-page-0008-generate_mcq-v2","generate_mcq","class7-english","7","8","Fahim asks Tamim for his pen. What does Tamim say?","[""Yes, of course, you can."", ""Sorry, I didn’t notice that."", ""Could you please help me with my maths?"", ""I need to read it tonight.""]","Yes, of course, you can.","Tamim: Yes, of course, you can. Here it is.","PASS","","","ACCEPT","tushar","","","","Unit one: Attention, Please 3 Lesson 2: Outside School Fahim: Can I borrow your pen, please? Tamim: Yes, of course, you can. Here it is. Radif: Could you please help me with my maths? Rahin: Sorry, | can’t. [’m not good at maths. Sister: Would you turn the television off? I'm doing my Brother: Sorry, | didn’t notice that. Please go on with you lend me your English book for a day?: Sorry, I. | need"
"class7-english-page-0008-short_extractive_qa-v2","short_extractive_qa","class7-english","7","8","What does Fahim ask Tamim to do?","[]","Can I borrow your pen, please?","Unit one: Attention, Please 3 Lesson 2: Outside School Fahim: Can I borrow your pen, please? Tamim: Yes, of course, you can.","PASS","","","ACCEPT","tushar","","","","Unit one: Attention, Please 3 Lesson 2: Outside School Fahim: Can I borrow your pen, please? Tamim: Yes, of course, you can. Here it is. Radif: Could you please help me with my maths? Rahin: Sorry, | can’t. [’m not good at maths. Sister: Would you turn the television off? I'm doing my Brother: Sorry, | didn’t notice that. Please go on with you lend me your English book for a day?: Sorry, I. | need"
"class7-english-page-0014-short_extractive_qa-v2","short_extractive_qa","class7-english","7","14","Where are the passengers asked to wait to get on the train?","[]","Where are the passengers asked to wait to get on the train?","Where are the passengers asked to wait to get on the train? What are the passengers asked to do to get to the platform?","PASS","","","","","","","","Unit one: Attention, Please 9 Work in pairs. Write a dialogue between a waiter and a customer ina restaurant, giving and taking orders for the following food items. When you finish writing, act out the dialogue. rice, fish curry, dal, vegetables, fresh juice, mineral water Lesson 7: At a Railway Station and answer the following questions. Listening text: 3 What is the announcement for? Where is th"
"class7-english-page-0023-generate_mcq-v2","generate_mcq","class7-english","7","23","What was the location of the prize-giving function?","[""In the school auditorium."", ""Read out the annual report."", ""Brightly decorated."", ""At the stage.""]","In the school auditorium.","In the school auditorium. What WaS | the auditorium decorated?","PASS","","","ACCEPT","tushar","","","","18 ENGLISH FOR TODAY Match words with their meanings. Words Meanings visit + speak highly of something or somebody ceremony * extremely good eminent * go to see a person or place praise * put something in a place where you can see it easily outstanding + function displa: * people having lots of power and influence Ask and answer in pairs. Make questions and then choose answers from this table. Que"
"class7-english-page-0023-short_extractive_qa-v2","short_extractive_qa","class7-english","7","23","Where did the prize-giving function held?","[]","In the school auditorium.","In the school auditorium. What WaS | the auditorium decorated?","REVIEW","","possible grammar error: did + held","ACCEPT","tushar","","","","18 ENGLISH FOR TODAY Match words with their meanings. Words Meanings visit + speak highly of something or somebody ceremony * extremely good eminent * go to see a person or place praise * put something in a place where you can see it easily outstanding + function displa: * people having lots of power and influence Ask and answer in pairs. Make questions and then choose answers from this table. Que"
"class7-english-page-0025-generate_mcq-v2","generate_mcq","class7-english","7","25","According to the passage, Flora started school at what age?","[""5"", ""6"", ""7"", ""8""]","6","3 Flora first went to school at the age of 6.","PASS","","","","","","","","2 Flora is talking about her school. 3 Flora first went to school at the age of 6. 4 Her mother dressed her in her best clothes. 5 Flora walked to school. Flora is a student. She is class 7. She can remember her day at school even today. She to school in 2006. Her mother her to school. The school was a long way from their house. Flora walked to school her mother. Match the words with their meaning"
"class7-english-page-0025-short_extractive_qa-v2","short_extractive_qa","class7-english","7","25","When did Flora start going to school?","[]","Flora first went to school at the age of 6.","3 Flora first went to school at the age of 6. 4 Her mother dressed her in her best clothes.","PASS","","","","","","","","2 Flora is talking about her school. 3 Flora first went to school at the age of 6. 4 Her mother dressed her in her best clothes. 5 Flora walked to school. Flora is a student. She is class 7. She can remember her day at school even today. She to school in 2006. Her mother her to school. The school was a long way from their house. Flora walked to school her mother. Match the words with their meaning"
"class7-english-page-0027-short_extractive_qa-v2","short_extractive_qa","class7-english","7","27","Who took Flora to the class after admission?","[]","the Head Teacher","The Head Teacher was pleased with Flora because she (Flora) looked very innocent.","PASS","","","","","","","","The Head Teacher was pleased with Flora because she (Flora) looked very innocent. had a sweet voice. could answer the Head Teacher’s questions. was very smart. Who took Flora to the class after admission? the Head Teacher Flora felt nervous in the class because it was a new place. the class teacher was very strict. she did not know any student in the class. the class did not welcome her. Make sent"
"class7-english-page-0041-generate_mcq-v2","generate_mcq","class7-english","7","41","According to Ms. Shahana Huda, what is one benefit of this new kind of shop?","[""You can bargain or haggle with the shopkeeper."", ""You can buy any stationery items like pens and pencils."", ""You don’t have to bargain or haggle with the shopkeeper over the prices of anything."", ""The shop sells only food items such as biscuits and bananas.""]","You don’t have to bargain or haggle with the shopkeeper over the prices of anything.","You don’t have to bargain or haggle with the shopkeeper over the prices of anything. Hridoy What is ‘haggle’ teacher?","PASS","","","","","","","","Lesson 5: Fixed Price Shop Keywords: bargain, haggle, offer, agree on Look at the shop and answer these questions. What kinds of things do you find in the shop? What are the students doing? Who is the shopkeeper? Read the text and answer the following questions. Ms Shahana Huda is talking to the students about a new kind of shop. Shahana ~- You can buy any stationery items here, like pens, pencils"
"class7-english-page-0041-short_extractive_qa-v2","short_extractive_qa","class7-english","7","41","What is ‘haggle’ teacher?","[]","You offer 200 taka or even less.","So you offer 200 taka or even less. The","PASS","","","","","","","","Lesson 5: Fixed Price Shop Keywords: bargain, haggle, offer, agree on Look at the shop and answer these questions. What kinds of things do you find in the shop? What are the students doing? Who is the shopkeeper? Read the text and answer the following questions. Ms Shahana Huda is talking to the students about a new kind of shop. Shahana ~- You can buy any stationery items here, like pens, pencils"
"class7-english-page-0044-short_extractive_qa-v2","short_extractive_qa","class7-english","7","44","What do Mrs Nazma and Mr Joynul Ali do from morning to night?","[]","Nazma does all the work at home from morning to night, rain or shine.","Nazma does all the work at home from morning to night, rain or shine. Sometimes she sits with Mitu and Nitu, and teaches them Bangla and English alphabets and some numbers.","PASS","","","","","","","","Unit Four: People Who Make a Difference 39 Lesson 7: The Homemaker (1) Where do you think the family lives? Ask and answer the question in pairs: What do you see in picture 1 / 2/ Read about the family. Mrs Nazma and Mr Joynul Ali live in a small village with their daughters, Mitu aged 7 and Nitu aged 5. Joynul is a carpenter. He is hired by the villagers to make chairs, tables, pira (low stool) a"
"class7-english-page-0054-generate_mcq-v2","generate_mcq","class7-english","7","54","Begum Rokeya believed that women should have the same rights and opportunities as men. What did she do to support this belief?","[""She taught Arabic and Persian in schools."", ""She fought for their cause throughout her life."", ""She worked as a Deputy Magistrate."", ""She was born in a village called Pairabondh, Rangpur.""]","She fought for their cause throughout her life.","So she fought for their cause throughout her life. Begum Rokeya was born in a village called Pairabondh, Rangpur in 1880.","PASS","","","","","","","","Unit Five: Great women to remember 49 Lesson 1: Begum Rokeya (1) Who is the woman? What do you know about her? Read about Begum Rokeya. Begum Rokeya (1880-1932) was a famous writer and a social worker. She lived in undivided Bengal in the early 20"" century. She believed that women should have the same rights and opportunities as men have in the society. So she fought for their cause throughout her"
"class7-english-page-0054-short_extractive_qa-v2","short_extractive_qa","class7-english","7","54","What did Begum Rokeya believe women should have?","[]","She believed that women should have the same rights and opportunities as men have in the society.","She believed that women should have the same rights and opportunities as men have in the society. So she fought for their cause throughout her life.","PASS","","","","","","","","Unit Five: Great women to remember 49 Lesson 1: Begum Rokeya (1) Who is the woman? What do you know about her? Read about Begum Rokeya. Begum Rokeya (1880-1932) was a famous writer and a social worker. She lived in undivided Bengal in the early 20"" century. She believed that women should have the same rights and opportunities as men have in the society. So she fought for their cause throughout her"
"class7-english-page-0059-generate_mcq-v2","generate_mcq","class7-english","7","59","Florence Nightingale worked with a group of nurses during which major conflict?","[""The American Civil War"", ""The Napoleonic Wars"", ""The Crimean War (1853-56)"", ""World War I""]","The Crimean War (1853-56)","on hospital ¢ Went to Turkey with a group of 38 nurses to work for the sick British soldiers during the Crimean War (1853-56) ¢ Worked day and night to help the wounded ¢ Returned to England: the Lady with the Lamp by the Times - role in nursing ¢ Set up Nightingale School for nurses in London Died-13 Au","PASS","","","","","","","","§ education self educated, learnt Bangla and English from brother 6 aim in life to help disabled people 7 achievements Now read the completed chart and write one or two sentences for each of the 8 points in the chart. Look at the examples. Point I: Begum Rokeya was born in 1880. Helen Keller was also Begum Rokeya was self educated and learnt Bangla and English from her brother. But Helen Keller go"
"class7-english-page-0059-short_extractive_qa-v2","short_extractive_qa","class7-english","7","59","What was Florence Nightingale's famous nickname?","[]","the Lady with the Lamp","during the Crimean War (1853-56) ¢ Worked day and night to help the wounded ¢ Returned to England: the Lady with the Lamp by the Times - role in nursing ¢ Set up Nightingale School for nurses in London Died-13 August 1910","PASS","","","","","","","","§ education self educated, learnt Bangla and English from brother 6 aim in life to help disabled people 7 achievements Now read the completed chart and write one or two sentences for each of the 8 points in the chart. Look at the examples. Point I: Begum Rokeya was born in 1880. Helen Keller was also Begum Rokeya was self educated and learnt Bangla and English from her brother. But Helen Keller go"
"class7-english-page-0062-short_extractive_qa-v2","short_extractive_qa","class7-english","7","62","What is this life if, full of care?","[]","This life if, full of care","What is this life if, full of care, We have no time to stand and stare.","PASS","","","","","","","","Unit Six: Leisure 57 Lesson 2: Leisure Keywords: stare, streams Read aloud and recite the poem. What is this life if, full of care, We have no time to stand and stare. No time to stand beneath the boughs, And stare as long as sheep or cows. No time to see, when woods we pass, Where squirrels hide their nuts in grass. No time to see, in broad day light, Streams full of stars, like skies at night. A"
"class7-english-page-0063-generate_mcq-v2","generate_mcq","class7-english","7","63","According to the text, what do some children do besides playing games?","[""They play football in the school playground."", ""They throw stones into squares and hop along them."", ""Some also share personal updates on Facebook by uploading posts and pictures."", ""Young children play this game on the ground.""]","Some also share personal updates on Facebook by uploading posts and pictures.","Some also share personal updates on Facebook by uploading posts and pictures. 3, Children often watch football matches of both national and international 4, Children often play football in the school playground.","PASS","","","ACCEPT","tushar","","","","58 ENGLISH FOR TODAY Lesson 3: What are They Doing? Keywords: glued to, upload, download, messages A- Work in groups. Look at the pictures and talk about what the boys and girls are doing. Nowread the paragraphs and match them with the pictures. 1, Young children play this game on the ground. The ground is marked by a set of joined squares. Each child throws a stone into a square, then hops (jumps"
"class7-english-page-0063-short_extractive_qa-v2","short_extractive_qa","class7-english","7","63","What do some children often do when they are glued to computers?","[]","They download games to play on them.","They download games to play on them. Some also share personal updates on Facebook by uploading posts and pictures.","PASS","","","ACCEPT","tushar","","","","58 ENGLISH FOR TODAY Lesson 3: What are They Doing? Keywords: glued to, upload, download, messages A- Work in groups. Look at the pictures and talk about what the boys and girls are doing. Nowread the paragraphs and match them with the pictures. 1, Young children play this game on the ground. The ground is marked by a set of joined squares. Each child throws a stone into a square, then hops (jumps"
"class7-english-page-0064-generate_mcq-v2","generate_mcq","class7-english","7","64","According to the passage, which activity can take place both in cities and villages?","[""studying for exams"", ""listening to music"", ""going on a picnic with family or friends"", ""attending music lessons""]","going on a picnic with family or friends","© studying for exams e listening to music ¢ visiting relatives on weekends ¢ attending music lessons reading story books ® going to movies helping parents with housework ¢ going on a picnic with family or friends e walking in the park on holidays Write answers to these questions.","PASS","","","","","","","","Unit Six: Leisure 59 Which activities mainly take place in cities and which activities mainly take place in villages? Also say which activity or activities can take place both in cities and villages. free-time or leisure activities and which are not? Why are they so? © studying for exams e listening to music ¢ visiting relatives on weekends ¢ attending music lessons reading story books ® going to "
"class7-english-page-0064-short_extractive_qa-v2","short_extractive_qa","class7-english","7","64","Which activities mainly take place in cities and which activities mainly take place in villages?","[]","Which activities mainly take place in cities and which activities mainly take place in villages?","Unit Six: Leisure 59 Which activities mainly take place in cities and which activities mainly take place in villages? Also say which activity or activities can take place both in cities and villages.","PASS","","","","","","","","Unit Six: Leisure 59 Which activities mainly take place in cities and which activities mainly take place in villages? Also say which activity or activities can take place both in cities and villages. free-time or leisure activities and which are not? Why are they so? © studying for exams e listening to music ¢ visiting relatives on weekends ¢ attending music lessons reading story books ® going to "
"class7-english-page-0069-generate_mcq-v2","generate_mcq","class7-english","7","69","What did Shima win a first prize for?","[""The 200 metre sprint"", ""A Bhawaiya song"", ""100 metre sprint"", ""A football match""]","100 metre sprint","Shima also told them how she won the first prize for 100 metre sprint in her school annual sports.","PASS","","","","","","","","“What sports do you take part in, Zishan?” asked Jahid. Zishan could not answer. There was no playground in his school and around his house. Shima also told them how she won the first prize for 100 metre sprint in her school annual sports. She sang a heart touching Bhawaiya song. Everybody clapped their hand in delight. Julie’s aunt Mrs Jahanara Khan told some funny jokes that made them laugh thei"
"class7-english-page-0069-short_extractive_qa-v2","short_extractive_qa","class7-english","7","69","What did Shima tell them she had won?","[]","the first prize for 100 metre sprint","Shima also told them how she won the first prize for 100 metre sprint in her school annual sports.","PASS","","","","","","","","“What sports do you take part in, Zishan?” asked Jahid. Zishan could not answer. There was no playground in his school and around his house. Shima also told them how she won the first prize for 100 metre sprint in her school annual sports. She sang a heart touching Bhawaiya song. Everybody clapped their hand in delight. Julie’s aunt Mrs Jahanara Khan told some funny jokes that made them laugh thei"
"class7-english-page-0070-short_extractive_qa-v2","short_extractive_qa","class7-english","7","70","What did the children do every afternoon?","[]","The children used to go and play in the Giant's garden.","The Selfish Giant Every afternoon, as they were coming from school, the children used to go and play in the Giant's garden. Tt was a large lovely garden, with soft green grass.","PASS","","","","","","","","Unit Six: Leisure 65 school and home. Also write who helps you with these activities. If you cannot do any of these activities, write why. Lesson 8: The Selfish Giant (1) Keywords: selfish, giant, gruff, trespasser Who do you think these people are? Where do you think they are? Can you guess what they are doing? Read the story silently. The family gathering in the yard carried on with laughter and"
"class7-english-page-0071-generate_mcq-v2","generate_mcq","class7-english","7","71","Why did the Giant build a high wall around his garden?","[""Because he wanted the children to play in it."", ""Because he was afraid of losing his garden."", ""My own garden is my own"", ""Because he enjoyed having visitors.""]","My own garden is my own","""My own garden is my own said the Giant.","PASS","","","ACCEPT","tushar","","","","with sweet fruit. The birds sat on the trees and sang so sweetly that the children used to stop their games in order to listen to them. 'How happy we are here!’ they cried to each other. One day the Giant came back. He had been to visit his friend in a distant land and had stayed with him for seven years. When he arrived, he saw the children playing in his garden. ""What are you doing here? cried t"
"class7-english-page-0071-short_extractive_qa-v2","short_extractive_qa","class7-english","7","71","How did the Giant react when he saw the children playing in his garden?","[]","""What are you doing here? cried the Giant in a very gruff voice.","""What are you doing here? cried the Giant in a very gruff voice. The children ran away in fear.","PASS","","","ACCEPT","tushar","","","","with sweet fruit. The birds sat on the trees and sang so sweetly that the children used to stop their games in order to listen to them. 'How happy we are here!’ they cried to each other. One day the Giant came back. He had been to visit his friend in a distant land and had stayed with him for seven years. When he arrived, he saw the children playing in his garden. ""What are you doing here? cried t"
"class7-english-page-0079-short_extractive_qa-v2","short_extractive_qa","class7-english","7","79","What’s the time of Ashish Biswas’s regular practice?","[]","at 7 o’clock in the morning","From Sunday to Thursday I go to the club at 7 o’clock in the morning.","PASS","","","","","","","","From Sunday to Thursday I go to the club at 7 o’clock in the morning. It’s the time for our regular practice. So, I have to get up by 6 o’clock. Usually on Monday the team doctor sees all the players. On Tuesday our coach shows us videos of important matches. We learn a lot from them. On Thursdays when we practise, our team manager watches our performance and keeps a record of that. Then he select"
"class7-english-page-0083-generate_mcq-v2","generate_mcq","class7-english","7","83","According to the passage, what does Moon typically eat for breakfast?","[""Two pieces of chapati and a portion of rice."", ""Two pieces of chapati and a portion of vegetables."", ""A banana and a glass of juice."", ""Three pieces of bread and milk.""]","Two pieces of chapati and a portion of vegetables.","She eats two pieces of chapati and a portion of vegetables. Sometimes she eatsa banana and drinks a glass of milk.","PASS","","","","","","","","What is the first thing you do when you get back home? How long do you watch television each day? your favourite programme? How often do you go out with your friends? Where do you go? What do you do together? What time do you go to bed? What is your dream for the future? H. Work in pairs. Ask and answer the above questions. Keep a record of your partner’s answers and write a paragraph about him or"
"class7-english-page-0083-short_extractive_qa-v2","short_extractive_qa","class7-english","7","83","What time do you go to bed?","[]","What time do you go to bed?","What time do you go to bed? What is your dream for the future?","PASS","","","","","","","","What is the first thing you do when you get back home? How long do you watch television each day? your favourite programme? How often do you go out with your friends? Where do you go? What do you do together? What time do you go to bed? What is your dream for the future? H. Work in pairs. Ask and answer the above questions. Keep a record of your partner’s answers and write a paragraph about him or"
"class7-english-page-0084-short_extractive_qa-v2","short_extractive_qa","class7-english","7","84","Which one/s are practised by women in your locality?","[]","Which of the above sports are commonly practised by women in your locality?","Which of the above sports are commonly practised by women in your locality? Which ones are practised by men?","PASS","","","ACCEPT","tushar","","","","Unit Seven: Games and Sports 79 Do men and women in our country enjoy any of these games or sports? Do you enjoy any of these or other games and sports? Which one/s? Which of the above sports are commonly practised by women in your locality? Which ones are practised by men? Work in pairs. Which of these activities are popular with the following age groups? Tick the activities. Then compare with yo"
"class7-english-page-0089-short_extractive_qa-v2","short_extractive_qa","class7-english","7","89","How many goals did Bangladesh score against Nepal in the match?","[]","scored two goals.","scored two goals. deficit k.","PASS","","","","","","","","Find the meanings of the underlined words and phrases from the article using a dictionary or the internet. Match the words/phrases in the left column with their meanings in the right column. maul a. to change or improve something scored a brace b. the beginning ruthless c. a goal that levels the score inception d. lack or shortage undone e. a final blow bullying f. to hurt badly injury time g. eff"
"class7-english-page-0097-generate_mcq-v2","generate_mcq","class7-english","7","97","According to the passage, what did Paul do when he was in a rickshaw?","[""He really likes sitting idly in a rickshaw."", ""He did not dislike walking along the village roads."", ""He loves taking pictures."", ""He hates sitting idly in a rickshaw.""]","He hates sitting idly in a rickshaw.","4 He hates sitting idly in a rickshaw. really dislikes, did not dislike, very much enjoys, __ really likes E.","REVIEW","","possible grammar error: did + was","","","","","","92 ENGLISH FOR TODAY D, Read the statements about and replace the underlined parts of each sentence with phrases given in the box. 1 Paul quite likes the green coconut drink. 2 He didn’t mind walking along the village roads. 3 He loves taking pictures. 4 He hates sitting idly in a rickshaw. really dislikes, did not dislike, very much enjoys, __ really likes E. Write your likes and dislikes in the "
"class7-english-page-0100-generate_mcq-v2","generate_mcq","class7-english","7","100","Q: (like) Does Mr. Jabbar like working with computers?","[""Yes, he loves working with computers."", ""No, he hates working with computers."", ""Yes, he likes working with computers."", ""No, he does not like working with computers.""]","Yes, he loves working with computers.","A: (Yes, love) Yes, he loves working with computers. Rabiul goes shopping at the weekend.","PASS","","","","","","","","Unit Eight: Likes and Dislikes doesn’t appropriately under each member of Paul’s family. Two are done for you. Thing/activity Paul Sister making sandwiches watching animals sitting idly on grass watching others pla’ watching animals Now write sentences using the table about people in Paul’s family and your family. The first two are done for you. 1, Paul likes watching animals. I like watching anim"
"class7-english-page-0100-short_extractive_qa-v2","short_extractive_qa","class7-english","7","100","What does Paul like?","[]","watching animals","Thing/activity Paul Sister making sandwiches watching animals sitting idly on grass watching others pla’ watching animals Now write sentences using the table about people in Paul’s family and your family.","PASS","","","","","","","","Unit Eight: Likes and Dislikes doesn’t appropriately under each member of Paul’s family. Two are done for you. Thing/activity Paul Sister making sandwiches watching animals sitting idly on grass watching others pla’ watching animals Now write sentences using the table about people in Paul’s family and your family. The first two are done for you. 1, Paul likes watching animals. I like watching anim"
"class7-english-page-0105-generate_mcq-v2","generate_mcq","class7-english","7","105","According to the booklet, what are all the pictures about?","[""hot summer day"", ""temperatures being in crisis If things go on like this..."", ""the dangers caused by climate change"", ""Samina & Arif’s reaction""]","the dangers caused by climate change","All these pictures are about the dangers caused by climate change.","PASS","","","","","","","","Anwar lam going to give you a booklet now. Please read it and you’ll know more about climate change. Samina & Arif: Thank you, Uncle. We will certainly read it. Choose the right answer. 1 Which one of these is an example of climate change? a hot summer day 2 What does ‘climbing’ mean in the statement “temperatures are being in crisis If things go on like this... In this sentence ‘go on’ means to c"
"class7-english-page-0105-short_extractive_qa-v2","short_extractive_qa","class7-english","7","105","What did Anwar plan to give Samina and Arif?","[]","Anwar lam going to give you a booklet now.","Anwar lam going to give you a booklet now. Please read it and you’ll know more about climate change.","PASS","","","","","","","","Anwar lam going to give you a booklet now. Please read it and you’ll know more about climate change. Samina & Arif: Thank you, Uncle. We will certainly read it. Choose the right answer. 1 Which one of these is an example of climate change? a hot summer day 2 What does ‘climbing’ mean in the statement “temperatures are being in crisis If things go on like this... In this sentence ‘go on’ means to c"
"class7-english-page-0111-short_extractive_qa-v2","short_extractive_qa","class7-english","7","111","What can I do to help save water at home?","[]","1 can reduce, reuse, and recycle help save water at home.","1 can reduce, reuse, and recycle help save water at home. In my garden, | should plant by walking to school and shops.","PASS","","","","","","","","Match the sentence parts in A with those in B. If I have shorter showers I will will keep me warm in winter. 1 can help keep cars off the road the waste I make. When I leave a room [ can save choose products with less Putting on a jumper instead of the plants that are good for Plastic bags harm wildlife, instead I use rechargeable ones. use bags made of jute or paper. 1 can dry my hair in the sun "
"class7-english-page-0112-generate_mcq-v2","generate_mcq","class7-english","7","112","According to the passage, what should you do to help save the environment?","[""Don’t use rechargeable batteries."", ""Plant trees."", ""Use hose pipes for watering plants."", ""Keep your lights and fans switched on all the time.""]","Plant trees.","* Plant trees. Don’t use hose pipes for + Use water from a bucket to wash washing cars and watering your things.","PASS","","","","","","","","Unit Nine: Climate Change 107 Look at the list of Dos and Don’ts to keep the environment safe. Then make a poster in groups on what you can/can’t do to save the environment in your city, town or village. Walk to your school and shops. Don’t use cars if you can walk, Dry your clothes and hair in the Don’t keep your lights and fans switched on all the time. * Plant trees. Don’t use hose pipes for + "
"class7-english-page-0112-short_extractive_qa-v2","short_extractive_qa","class7-english","7","112","What is one thing you can do to save the environment?","[]","Plant trees.","* Plant trees. Don’t use hose pipes for + Use water from a bucket to wash washing cars and watering your things.","PASS","","","","","","","","Unit Nine: Climate Change 107 Look at the list of Dos and Don’ts to keep the environment safe. Then make a poster in groups on what you can/can’t do to save the environment in your city, town or village. Walk to your school and shops. Don’t use cars if you can walk, Dry your clothes and hair in the Don’t keep your lights and fans switched on all the time. * Plant trees. Don’t use hose pipes for + "
