record_id,book_id,class_level,page_number,lesson_number,split_group,split,word_count,manual_review_required,curation_flags,text_sha256
class6-english-page-0005,class6-english,6,5,,class6-english:page-block:001,train,218,False,,dbea27ccf37671f9fea7e81e2b0aa35da1f8d132afa41daa3a846aa8a22e2cc0
class6-english-page-0006,class6-english,6,6,,class6-english:page-block:002,validation,100,False,,b9e87cfb3fc237214986a62b6b806f29c447f16ef6529aacbbaa81a7de80cea4
class6-english-page-0007,class6-english,6,7,,class6-english:page-block:002,validation,145,False,,53034f7c20ae1cb896e649644b7338d2a40d8e1b6a90e46fa5aacce8bef5b50a
class6-english-page-0008,class6-english,6,8,,class6-english:page-block:002,validation,113,False,,348e0f758ebad78c087d8be9389c4b41b8d410956f5c75d6ae21512305f36c6e
class6-english-page-0009,class6-english,6,9,,class6-english:page-block:002,validation,140,False,,5a44e3271f2896f0fb2c70be03684d5f521c990b6e8041486e034558a5163c5d
class6-english-page-0010,class6-english,6,10,,class6-english:page-block:002,validation,187,True,OCR_REVIEW_NEEDED,c44b8ddf519bf2966df26b11d5a7e9abae84df72d8f16eec900aba84bad756f1
class6-english-page-0011,class6-english,6,11,,class6-english:page-block:003,train,241,False,,7a13b1d410728187343294079ba4ee22f84213b82f96853785c767228b32afd3
class6-english-page-0012,class6-english,6,12,,class6-english:page-block:003,train,213,False,,15308b8675ced82d8f4ab3ae88e6568dac54035d102e1aa9bd8c75c50c394fad
class6-english-page-0013,class6-english,6,13,5,class6-english:lesson:005,train,46,True,MULTIPLE_OCR_VERSIONS,8570e87fe0604faff519608963a6ed8fdbda9a179f6bc2fe5d0d4ce6feb31117
class6-english-page-0014,class6-english,6,14,5,class6-english:lesson:005,train,162,True,MULTIPLE_OCR_VERSIONS,bb5c1feff417a7e41ec734451903a0b0976f8841bc960cbfc4644a4c2e391d1b
class6-english-page-0015,class6-english,6,15,5,class6-english:lesson:005,train,179,True,MULTIPLE_OCR_VERSIONS,d53377727b3af01e5df8c85aab676908b589e23ba5492148abeb9e5bb786f733
class6-english-page-0016,class6-english,6,16,5,class6-english:lesson:005,train,180,True,MULTIPLE_OCR_VERSIONS,35d88729b3d337739f1b2b04fb6b2a732bf654d0f65debf7ceca02e8cf2a6758
class6-english-page-0017,class6-english,6,17,6,class6-english:lesson:006,train,148,True,MULTIPLE_OCR_VERSIONS,a3af905eef0e80d552702f62a86676406fb467692e919232393b0929358cf5c6
class6-english-page-0018,class6-english,6,18,6,class6-english:lesson:006,train,47,True,MULTIPLE_OCR_VERSIONS,5257c31e0ad2af05b53a54d941ff2cf8cf50cb5aa42b7c47b973c5454179d9d0
class6-english-page-0019,class6-english,6,19,7,class6-english:lesson:007,train,199,True,MULTIPLE_OCR_VERSIONS,056c08bb2c584a3cfa1f4d1a8aa1d28bffdf6e11f363173d11fdd123ee54728e
class6-english-page-0020,class6-english,6,20,7,class6-english:lesson:007,train,221,True,MULTIPLE_OCR_VERSIONS,21ff90159a27359a9c8ad06810b992b1289271eae1991504ccfed2c6df2d83c4
class6-english-page-0021,class6-english,6,21,8,class6-english:lesson:008,test,149,True,MULTIPLE_OCR_VERSIONS,831e00231b392e2f1b8961b4d01b0361dbbdde2e23c7037902a20557ef3451c8
class6-english-page-0022,class6-english,6,22,8,class6-english:lesson:008,test,155,True,MULTIPLE_OCR_VERSIONS,58dc846e4389b23a20beeecb470f8c3d93c644153d638fb93e49ed864ac5c690
class6-english-page-0023,class6-english,6,23,8,class6-english:lesson:008,test,202,True,MULTIPLE_OCR_VERSIONS,0fdf31efda8a9420e5782db4bb25478771e0a79c570f28801833f3596af71b85
class6-english-page-0024,class6-english,6,24,8,class6-english:lesson:008,test,71,True,MULTIPLE_OCR_VERSIONS,b661c44026c11bba234a40827553ca2bc4cff60bdb4ca2a7bcde3533ea0f24c9
class6-english-page-0025,class6-english,6,25,8,class6-english:lesson:008,test,91,True,MULTIPLE_OCR_VERSIONS,5b9b8d4396f6d4b746c449bd6e803637f7a633d16de89b7e976cb733174acec9
class6-english-page-0026,class6-english,6,26,8,class6-english:lesson:008,test,156,True,MULTIPLE_OCR_VERSIONS,304fb102e9d335ed1572d52cbe00733508f8b379c936e7f325a47e9bb07391ca
class6-english-page-0027,class6-english,6,27,8,class6-english:lesson:008,test,98,True,MULTIPLE_OCR_VERSIONS,796aa96b51c60932296f6d0e50464cde81983b6a3124869ab960aa8656e1beac
class6-english-page-0028,class6-english,6,28,9,class6-english:lesson:009,test,183,True,MULTIPLE_OCR_VERSIONS,92dc05a8e1b05450b68b93483c5f19376d215b2a557db04445ca799b4777a111
class6-english-page-0029,class6-english,6,29,9,class6-english:lesson:009,test,110,True,MULTIPLE_OCR_VERSIONS,b811d27160faec3e9ae79b210b14bfd9deab1bef79a94706033f40df7dcb1655
class6-english-page-0030,class6-english,6,30,9,class6-english:lesson:009,test,111,True,MULTIPLE_OCR_VERSIONS,89edd8f967decaaf7d2b8e026d9abfc2272ea314d3421142aa24259436068e4a
class6-english-page-0031,class6-english,6,31,9,class6-english:lesson:009,test,150,True,MULTIPLE_OCR_VERSIONS,429ef7ff5ae94619b5efcd2c49f133f93f8a61f4f489402b51ccf1900c74e4ca
class6-english-page-0032,class6-english,6,32,9,class6-english:lesson:009,test,82,True,MULTIPLE_OCR_VERSIONS,c16412d58d5f6c79a3923b3863ffd6b9d316f30f1955f60666121d9733216e01
class6-english-page-0033,class6-english,6,33,10,class6-english:lesson:010,validation,121,True,MULTIPLE_OCR_VERSIONS,95b08577453fd72d5e1916b4ee551450ff02728e50f639c35fabe8443eb52c4f
class6-english-page-0034,class6-english,6,34,10,class6-english:lesson:010,validation,144,True,MULTIPLE_OCR_VERSIONS,4192e854f5ae78f41d1830422983a41d9dbd7e0c809b81fc0c9cfd2de2749f27
class6-english-page-0035,class6-english,6,35,10,class6-english:lesson:010,validation,157,True,MULTIPLE_OCR_VERSIONS,e6fb03d623ccd394280dc89b06dcef79b293bc22d9bd91360148f18439237f02
class6-english-page-0036,class6-english,6,36,10,class6-english:lesson:010,validation,160,True,MULTIPLE_OCR_VERSIONS,0eee83fce4a95b77b9be05070e13dd28a918accb7a565aca27fb124156c8df03
class6-english-page-0037,class6-english,6,37,11,class6-english:lesson:011,train,159,True,MULTIPLE_OCR_VERSIONS,2b6b8d7363658ba00364a6140b19e4f413c7b31b3184952ea1592f9d49214415
class6-english-page-0038,class6-english,6,38,11,class6-english:lesson:011,train,63,True,MULTIPLE_OCR_VERSIONS,b98d2394924bcd913900aeae3aa7ae6c94aa88db23d344c598bfe2380fc5f9da
class6-english-page-0039,class6-english,6,39,12,class6-english:lesson:012,test,267,True,MULTIPLE_OCR_VERSIONS,48c94eff5cd8b51cb0c772227dda8d311ab1559096aa7afa2ec58528666fd4d6
class6-english-page-0040,class6-english,6,40,12,class6-english:lesson:012,test,223,True,MULTIPLE_OCR_VERSIONS,6be411f4b91dfdba00adcc3443804c1cc05473140ab08ad940a1f62a3f25948d
class6-english-page-0041,class6-english,6,41,12,class6-english:lesson:012,test,258,True,MULTIPLE_OCR_VERSIONS,b96fdf07d517f84660b8ada799cbf4380301c8e55ec438e3a00bbbd6b50c0988
class6-english-page-0043,class6-english,6,43,13,class6-english:lesson:013,train,171,True,MULTIPLE_OCR_VERSIONS,188bec3c07aed137529fee670f2161fcc4dab35fea0b2b508e419c91fa31566d
class6-english-page-0044,class6-english,6,44,13,class6-english:lesson:013,train,213,True,MULTIPLE_OCR_VERSIONS,36741ca0c75b254a7a7ab97a9c15ef88bd36329950bde0afe38804aafdccd20f
class6-english-page-0045,class6-english,6,45,13,class6-english:lesson:013,train,215,True,MULTIPLE_OCR_VERSIONS,466b92be0ca9a40f291b10fa879389ba4e554c3b8078c47d5bea3afae5a51556
class6-english-page-0046,class6-english,6,46,14,class6-english:lesson:014,validation,170,True,MULTIPLE_OCR_VERSIONS,0978b14a3301af53de40b3d1d419aec7fa496a8e6c901a516f6741c00618dc8a
class6-english-page-0047,class6-english,6,47,14,class6-english:lesson:014,validation,177,True,MULTIPLE_OCR_VERSIONS,2de17cfbdfed003ee11bf70e7980f6c5a9359f877a4780ce0953890e093b2769
class6-english-page-0048,class6-english,6,48,14,class6-english:lesson:014,validation,185,True,MULTIPLE_OCR_VERSIONS,9d290ab7802b86a51a28b4aee3e623bfcc6b9f789b9b418563cd85d88aee938a
class6-english-page-0049,class6-english,6,49,15,class6-english:lesson:015,train,149,True,MULTIPLE_OCR_VERSIONS,7bf4b0c2e4353d7bd750c59e357f3c1585e78c0cf9d25146589016417d58a6c3
class6-english-page-0050,class6-english,6,50,15,class6-english:lesson:015,train,136,True,MULTIPLE_OCR_VERSIONS,d561705b0f5ca538c45d1ae70e862745e58375c83c072e4b9155af4e77b6aaff
class6-english-page-0051,class6-english,6,51,15,class6-english:lesson:015,train,72,True,MULTIPLE_OCR_VERSIONS,0eecf1d89f1c2ead0a1221c718c2e45e6532f5e784c23486ad605b13c058d96b
class6-english-page-0052,class6-english,6,52,16,class6-english:lesson:016,train,235,True,MULTIPLE_OCR_VERSIONS,aad44bad00242a2310b9df924f02c31bf6ac5e61bec1160e0f77b50081e75dfd
class6-english-page-0053,class6-english,6,53,17,class6-english:lesson:017,train,97,True,MULTIPLE_OCR_VERSIONS,705cdeaca53bcbb5ac6ae3a57c531d057c2f159d4b60aa8a7a60dc33ec8cc227
class6-english-page-0054,class6-english,6,54,17,class6-english:lesson:017,train,301,True,MULTIPLE_OCR_VERSIONS,8fbb8b550f8de5bcba6ef904528de1861da24f505127af00c5e1876b816595fb
class6-english-page-0055,class6-english,6,55,17,class6-english:lesson:017,train,175,True,MULTIPLE_OCR_VERSIONS,c851719a7d88b0d4728c9f85e3d6e38c40dda281b842021e18f2f9935c5e762e
class6-english-page-0056,class6-english,6,56,18,class6-english:lesson:018,train,228,True,MULTIPLE_OCR_VERSIONS,7f74338e23ad48fac8bd8880347bf5e69d0a61179658899c69dbd8c58ee809b3
class6-english-page-0057,class6-english,6,57,18,class6-english:lesson:018,train,100,True,MULTIPLE_OCR_VERSIONS,1806cff0276b8e849fa5b4461d4a1038feac2b654f2083904da20f1fd982a2d0
class6-english-page-0058,class6-english,6,58,18,class6-english:lesson:018,train,201,True,MULTIPLE_OCR_VERSIONS,ff70edf343b48d06f4a67a020f7c204aa58cae64b5e45b99455e40ccc4f30572
class6-english-page-0059,class6-english,6,59,18,class6-english:lesson:018,train,64,True,MULTIPLE_OCR_VERSIONS,533707f96dc3ac9a414e94b33372d1fbd2215ff191e11ed31fe91ed489723da2
class6-english-page-0060,class6-english,6,60,19,class6-english:lesson:019,train,91,True,MULTIPLE_OCR_VERSIONS,93293175e760be52668b6d3203a01faef0ce0db92e8b28edbe44a0b213bcf6bc
class6-english-page-0061,class6-english,6,61,20,class6-english:lesson:020,train,173,True,MULTIPLE_OCR_VERSIONS,333205b2ea5e7e8a811fc338933aec0e6948df44eaa5bf5f423c09bd59a6e703
class6-english-page-0062,class6-english,6,62,20,class6-english:lesson:020,train,117,True,MULTIPLE_OCR_VERSIONS,935b40c9982ffad580b523f4b04eded0cae19203214e197a7b13e007f86ee83f
class6-english-page-0063,class6-english,6,63,21,class6-english:lesson:021,train,169,True,MULTIPLE_OCR_VERSIONS,c3e9dc4197d45c8cbe1b3fc8a1e605e0a1d11270ef52214d2a2fbf9d5cda2a24
class6-english-page-0064,class6-english,6,64,21,class6-english:lesson:021,train,84,True,MULTIPLE_OCR_VERSIONS,8f51237429badfa3c4828a9396800d814d4acdb559293f8f78aa8b7bb14898d4
class6-english-page-0065,class6-english,6,65,22,class6-english:lesson:022,train,203,True,MULTIPLE_OCR_VERSIONS,941fb1d266302a2ef529e163d6e5113a47470120dee5aeb68e555fc193dda990
class6-english-page-0066,class6-english,6,66,22,class6-english:lesson:022,train,183,True,MULTIPLE_OCR_VERSIONS,1738de80ce5a488ce31e632a705ebe2be14d856d97eb776bf351455c448b31b3
class6-english-page-0067,class6-english,6,67,22,class6-english:lesson:022,train,168,True,MULTIPLE_OCR_VERSIONS,3888cbff13e756c40362950f5d34178ea1f790ef2798a388f2d6375f1481c0ac
class6-english-page-0068,class6-english,6,68,23,class6-english:lesson:023,train,233,True,MULTIPLE_OCR_VERSIONS,c1da04cb4b7ea31117eba8dc748faa36719709e013e95c059906028c59aaa059
class6-english-page-0069,class6-english,6,69,23,class6-english:lesson:023,train,281,True,MULTIPLE_OCR_VERSIONS,6d98b9926f1b318ba395ecd3f9bd09b878acfd3143c80edfd02485056ee8e433
class6-english-page-0070,class6-english,6,70,23,class6-english:lesson:023,train,264,True,MULTIPLE_OCR_VERSIONS,38a5d89eb5dbd4fc1400c33c4de6e1eb61c1ec37ceb9eac4f8d9dd548833586b
class6-english-page-0071,class6-english,6,71,24,class6-english:lesson:024,train,206,True,MULTIPLE_OCR_VERSIONS,7f3f406fb1d03469408cddeeac6a4238128b5a309a43cf1d7620c3f32b5499c0
class6-english-page-0072,class6-english,6,72,24,class6-english:lesson:024,train,218,True,MULTIPLE_OCR_VERSIONS,2497ab34161fbc9167022bf7a52f890f8435ff63a0c45f02a79ce3c138716aba
class6-english-page-0073,class6-english,6,73,24,class6-english:lesson:024,train,235,True,MULTIPLE_OCR_VERSIONS,73826d2e8d83e84d533ef6bd179e3198d0dd59be4206a6dca6e5085093be3fdb
class6-english-page-0074,class6-english,6,74,24,class6-english:lesson:024,train,271,True,MULTIPLE_OCR_VERSIONS,af586e1136b11ed32cad1a346458768eccbd229eba58c8493a5675b4fa98fe9d
class6-english-page-0075,class6-english,6,75,25,class6-english:lesson:025,train,180,True,MULTIPLE_OCR_VERSIONS,dc5d9b8b211e255616e1c0156072dd6853e40153983800b1b5c4a0f4d9c6ba37
class6-english-page-0076,class6-english,6,76,25,class6-english:lesson:025,train,222,True,MULTIPLE_OCR_VERSIONS,6316d7e40c125332a26cbaa18da1eb7ce01fdcaf929d25544348d357a8e539b0
class6-english-page-0077,class6-english,6,77,25,class6-english:lesson:025,train,159,True,MULTIPLE_OCR_VERSIONS,6f0309449aa3a34382aba287da1c9e82ccd3a11d8c21705fbde473401176c4e9
class6-english-page-0078,class6-english,6,78,26,class6-english:lesson:026,validation,119,True,MULTIPLE_OCR_VERSIONS,9392837acdf93ca2c5a6f409345604d7028bc3c9de261c3d91766614104592d2
class6-english-page-0079,class6-english,6,79,26,class6-english:lesson:026,validation,170,True,MULTIPLE_OCR_VERSIONS,2f78977606a103b6860cb7160ae45dd481587d68d3c346059764395e75b587b6
class6-english-page-0080,class6-english,6,80,26,class6-english:lesson:026,validation,189,True,MULTIPLE_OCR_VERSIONS,ef2508d422d869438f3c328b0304fe955c89e92a619a39b17064c2699245c84d
class6-english-page-0081,class6-english,6,81,26,class6-english:lesson:026,validation,278,True,MULTIPLE_OCR_VERSIONS,283a5383234b5039ab55fed94f95caf3fdbb201210ec1dbc5b5779503cd17941
class6-english-page-0082,class6-english,6,82,26,class6-english:lesson:026,validation,255,True,MULTIPLE_OCR_VERSIONS,280323309bc41d0cbf00be69b5bc86abb3c7060d601f2b7f6c34f643db064ce7
class6-english-page-0083,class6-english,6,83,27,class6-english:lesson:027,train,79,True,MULTIPLE_OCR_VERSIONS,3739c1fc3489e754a0fb52d9ce852d0bf4baf58be3f0c33c09938cb599f85902
class6-english-page-0084,class6-english,6,84,28,class6-english:lesson:028,test,256,True,MULTIPLE_OCR_VERSIONS,75a1d79ebe661c5fc2f31833b425b365d12223d0ea5d56f02494a93a016ad47f
class6-english-page-0085,class6-english,6,85,28,class6-english:lesson:028,test,120,True,MULTIPLE_OCR_VERSIONS,949eb0ebd96441d1c9e50618ecbe7cfe5174b99377d743ddcf1c2586a44c4cd1
class6-english-page-0086,class6-english,6,86,29,class6-english:lesson:029,train,77,True,MULTIPLE_OCR_VERSIONS,82967eb2e973545bf45cf22b50a430cdaa07a00de1ea84c2bfac01285cf1b8bb
class6-english-page-0087,class6-english,6,87,29,class6-english:lesson:029,train,176,True,MULTIPLE_OCR_VERSIONS,f2b044069a33c92108490d64502a4c42f26c5a90670cd38c2b681a430edd0e09
class6-english-page-0088,class6-english,6,88,30,class6-english:lesson:030,train,150,True,MULTIPLE_OCR_VERSIONS,e16cea6cb4a5ed49f4c611bc6383d311004b2d2108188343c898c7bee8ca19dd
class6-english-page-0089,class6-english,6,89,30,class6-english:lesson:030,train,70,True,MULTIPLE_OCR_VERSIONS,5508686d1f2621b89ff560179afd07f55d0e47e5a1478529bd390c9364b22b22
class6-english-page-0090,class6-english,6,90,31,class6-english:lesson:031,train,130,True,MULTIPLE_OCR_VERSIONS,65a9eb33aedf9ff7cc5582ad3b2a6220e7c9f12696751cfdf63e3a15dda7db2c
class6-english-page-0091,class6-english,6,91,31,class6-english:lesson:031,train,161,True,MULTIPLE_OCR_VERSIONS,879669ade216493e527d736cb6cf7df614e055da6a32f05b63b7654aafb8256a
class6-english-page-0092,class6-english,6,92,32,class6-english:lesson:032,train,52,True,MULTIPLE_OCR_VERSIONS,b5dfc5fcebe23ebe6363520fe76cd7d15ea7bd4ab84f25d5922fa25d5fb9d822
class6-english-page-0093,class6-english,6,93,32,class6-english:lesson:032,train,171,True,MULTIPLE_OCR_VERSIONS,19c9e7a9bdcf1a1b8a5d225c3999409daec6d54d71044b7c2beb32e6860aa5c5
class6-english-page-0094,class6-english,6,94,33,class6-english:lesson:033,train,137,True,MULTIPLE_OCR_VERSIONS,b8e5dc9a56b83b8e9fb896327eced1794f1b0229c20532d31a26e85d67c19f39
class6-english-page-0095,class6-english,6,95,33,class6-english:lesson:033,train,67,True,MULTIPLE_OCR_VERSIONS,0dbbf24cab7365ecce41f9c699af0a2708989fc8b7159a5fc68f9de9db36dab2
class6-english-page-0096,class6-english,6,96,33,class6-english:lesson:033,train,82,True,MULTIPLE_OCR_VERSIONS,202d098ebf0be04353ec74be5f1b2bafb305f884380d09fe0d38296d7184fd2f
class6-english-page-0097,class6-english,6,97,33,class6-english:lesson:033,train,214,True,MULTIPLE_OCR_VERSIONS,d060143dbadf1d3cb173974f3936f37a81d8817f3aae818a816d356349fc5fab
class6-english-page-0098,class6-english,6,98,33,class6-english:lesson:033,train,223,True,MULTIPLE_OCR_VERSIONS,5ffd883e1c1507658038511d59b4abc8b30dd2c08d536696d6a76df14993f8ff
class6-english-page-0099,class6-english,6,99,33,class6-english:lesson:033,train,95,True,MULTIPLE_OCR_VERSIONS,e2c9ab6a4219c46932ded5dc2dfa132ce917c1ab342b037a61e7edf9d1db0726
class6-english-page-0100,class6-english,6,100,33,class6-english:lesson:033,train,67,True,MULTIPLE_OCR_VERSIONS,1fcc03be47b73813725f538a6300759382505ee64d40c7c369adc27e6b3b493b
class6-english-page-0101,class6-english,6,101,,class6-english:page-block:021,train,91,True,MULTIPLE_OCR_VERSIONS,4ae5bce447c0e077dffa25eaf99d28f81c5e9aa76d5e0b80d71513fc50358b33
class6-english-page-0102,class6-english,6,102,,class6-english:page-block:021,train,75,True,MULTIPLE_OCR_VERSIONS,0892f35c3281d0471bbf0088dc5734b12a9155c644b6ab78ec06d7ae1272b3ca
class6-english-page-0103,class6-english,6,103,,class6-english:page-block:021,train,57,True,MULTIPLE_OCR_VERSIONS,b6e806050f3e9626e2d6d0c34083aa469570ad8ad8ed96e4118cc2ab08df0654
class6-english-page-0104,class6-english,6,104,,class6-english:page-block:021,train,58,True,MULTIPLE_OCR_VERSIONS,8f71c3f7cb559b76f98e37b162bbb9d02a94a53116ea162871429f7e87d5eacb
class6-english-page-0105,class6-english,6,105,,class6-english:page-block:021,train,176,True,MULTIPLE_OCR_VERSIONS,00e5046305c64103b2ca6f7b60b392273e70e79cac599feff882bc32054c298a
class6-english-page-0106,class6-english,6,106,,class6-english:page-block:022,train,283,True,MULTIPLE_OCR_VERSIONS,2b649067e7bbe93b7bbaf784ad16a5c9072b509c0f674603e2769e78a63f5864
class6-english-page-0107,class6-english,6,107,,class6-english:page-block:022,train,305,True,MULTIPLE_OCR_VERSIONS,0ffd65ce224de544d407325a5d2dcb1df7af8e20539b9e11ff94df33b17cf49f
class6-english-page-0108,class6-english,6,108,,class6-english:page-block:022,train,320,True,MULTIPLE_OCR_VERSIONS,227b759287d29bc8296e715d6faed91f3cb8477ee39945a8cd7aff52841de8bc
class6-english-page-0109,class6-english,6,109,,class6-english:page-block:022,train,212,False,,c0c082a194ea24de66e1e61fe36432f4e9d984e4a0a0986442338e74e8d64f7e
class6-english-page-0110,class6-english,6,110,,class6-english:page-block:022,train,216,True,MULTIPLE_OCR_VERSIONS,eb6c2713ee27b184382dcef92ad7d77257311fd26b2900a277a0785cd748b585
class6-english-page-0111,class6-english,6,111,,class6-english:page-block:023,train,192,False,,bfc10836fad92c928d085ab79976f969d6d0d3d37aeb7d49c6d9005a181d1bcc
class6-english-page-0112,class6-english,6,112,,class6-english:page-block:023,train,377,False,,96a0fa43b9ea916fd095dc867270debdd72ab6e12a928a52fc1c170afba72146
class6-english-page-0113,class6-english,6,113,,class6-english:page-block:023,train,426,False,,5a075c63ef12b7fc5e0badfc73dac4ac4b65842914020f48c51c69639aa1a035
class7-english-page-0005,class7-english,7,5,,class7-english:page-block:001,test,59,False,,d56b524f67f0920496ccd0198fd819a22c776780401c6d27ce1a70b18633851b
class7-english-page-0007,class7-english,7,7,,class7-english:page-block:002,train,140,False,,38bfa55492cc8b8558c2b97965516dc75af251f8ed6700927cd33f9ef3fc95b8
class7-english-page-0008,class7-english,7,8,,class7-english:page-block:002,train,168,False,,305e047125d7a5aee9dd092cd206a5b944a0918fc026f26325ae588afae56aad
class7-english-page-0009,class7-english,7,9,,class7-english:page-block:002,train,97,False,,e8bf6f95e512844ca2371cf144a3e4984d7682c549cc712cf854cf9bfe31dd9b
class7-english-page-0010,class7-english,7,10,,class7-english:page-block:002,train,199,False,,8150296e80de36c1c843616d9fb9044ca0695ac173e6380e6491fe665cb0c139
class7-english-page-0011,class7-english,7,11,,class7-english:page-block:003,train,112,False,,95f0069b99e0b41f168ced8d9c9eb0bd661a34404fab7e020cc13df3f8a2e7f2
class7-english-page-0012,class7-english,7,12,,class7-english:page-block:003,train,105,False,,a717ad925eadd0c22c352d201463840fb84efc096cf750eb289a1051b39907d4
class7-english-page-0013,class7-english,7,13,,class7-english:page-block:003,train,146,False,,ba1befb1547eb0e1ab045c59ae86f0be6f442b60fab64bf41b570aed6ba32426
class7-english-page-0014,class7-english,7,14,,class7-english:page-block:003,train,156,False,,5e2e1fe869b6abed040db13f8b3b44198e48a3b8cdc1bf13b91fcbf99c6a7200
class7-english-page-0016,class7-english,7,16,,class7-english:page-block:004,train,102,False,,b94ec1d62a78cad8c6b59c8458526087339b8105b36e1fb41cc0074a4e2b3e69
class7-english-page-0018,class7-english,7,18,,class7-english:page-block:004,train,252,False,,8b603f6166df3bf11f61b79130f3363c6c73b2f9067280c692ae5f917aabd8a5
class7-english-page-0022,class7-english,7,22,,class7-english:page-block:005,train,251,False,,cf731cedbf3427be809c1a88a43b284bdd045b616c02753aee3b7e1963eeaabf
class7-english-page-0023,class7-english,7,23,,class7-english:page-block:005,train,176,False,,53ae5a1d4c96b1062e0505c1bf6e1eae4bc865560b37229767d4d00217e75a89
class7-english-page-0024,class7-english,7,24,,class7-english:page-block:005,train,194,False,,e382688ca2664716ee7f3e6202c520339b1ccc013ddd382e72faa83f972c1401
class7-english-page-0025,class7-english,7,25,,class7-english:page-block:005,train,149,False,,e20c586bfa0a1a1374ed42e0e35a3f770475a0a8360d23152ac3a50635eb0dba
class7-english-page-0026,class7-english,7,26,,class7-english:page-block:006,train,315,False,,46ce098dde9dcee4b25c774e0e35de52bb695e46d33c0a213732ee9d5ed61936
class7-english-page-0027,class7-english,7,27,,class7-english:page-block:006,train,149,False,,81e90738192d4ea60091ecfc2dec4679ee85080cbd06c40143e010e48eb601b0
class7-english-page-0028,class7-english,7,28,,class7-english:page-block:006,train,228,False,,40237c42f72fbe9df2c4ec6009cf7cc949090b04b193d5d91ee76775d1c2abb5
class7-english-page-0029,class7-english,7,29,,class7-english:page-block:006,train,104,False,,356d2324c91d53156d049caf7f22bd3a9d5ca6e4ff56f75420ef0325d7167ebf
class7-english-page-0030,class7-english,7,30,,class7-english:page-block:006,train,327,False,,af596efd825fdbbf112fd00d474d2f4f056339c5ea800d4728f6a9f629f6a5d0
class7-english-page-0031,class7-english,7,31,,class7-english:page-block:007,train,45,False,,3b85b335a59ae55cd80be295f1fea5bfbd4a6d49bb79b47f69f710d8ced364a4
class7-english-page-0032,class7-english,7,32,,class7-english:page-block:007,train,55,False,,555599cee7df9553fdfd1ac3bcfbb8142446d3d582ef7eafaae19ebd4022f53b
class7-english-page-0033,class7-english,7,33,,class7-english:page-block:007,train,228,False,,0285c79f3a8e28405fc430f2d20aede3e6e795df439b109145afe56fc1fe083b
class7-english-page-0034,class7-english,7,34,,class7-english:page-block:007,train,219,False,,ff8281a064ede4383a7a1d680b1b1fd968135588ee6dcc6cf8b589cf32ee7379
class7-english-page-0035,class7-english,7,35,,class7-english:page-block:007,train,263,False,,7efe89e73e5f1ed00263d8c33c3901f2f637fb4b3fb4c930fe07c7c0ca1eb62f
class7-english-page-0036,class7-english,7,36,,class7-english:page-block:008,test,155,False,,45dbf3f37cb31ac84eafc35148862a6834958716d521059ec768536502f3f478
class7-english-page-0037,class7-english,7,37,,class7-english:page-block:008,test,168,False,,5b4891576f28e68e331317f382a75eee9efc44ea2f2d95a2e68a773ecf1c0db9
class7-english-page-0038,class7-english,7,38,,class7-english:page-block:008,test,199,True,OCR_REVIEW_NEEDED,733b968e2798890287b4462c0c281fdf52f08542c11963aa7366047754947f1b
class7-english-page-0039,class7-english,7,39,,class7-english:page-block:008,test,213,False,,d00b0883dfeb153a05f5dafcbbdfe0ca73cdde5c00836cf64d3cabf35afe1ab6
class7-english-page-0040,class7-english,7,40,,class7-english:page-block:008,test,221,False,,aeb8bb977d11d0acf8419733f35f8c4d60e8ee17eea88276bbf7660125b6c654
class7-english-page-0041,class7-english,7,41,,class7-english:page-block:009,train,191,False,,5428fb6536ef23a5f985e401b69aecdce4f6ae4d8ccef6149a9fad8ad4d9ab76
class7-english-page-0042,class7-english,7,42,,class7-english:page-block:009,train,312,False,,ab3a0d7e6849c8fb3dca044fc6b0a706590fca4e890bc195191b681d85563399
class7-english-page-0043,class7-english,7,43,,class7-english:page-block:009,train,279,False,,64efa995b1497dde7ee8fa505445efc8ef767c2d1072865679dd804ac6880901
class7-english-page-0044,class7-english,7,44,,class7-english:page-block:009,train,152,False,,48a0907084370d257fbc9d51956e39de480e4a6bf99ed84a2b4d58a8e192d09b
class7-english-page-0045,class7-english,7,45,,class7-english:page-block:009,train,220,False,,2ede98252c40438b342d0ff97d673e3d98f4e0df0d5b4673de7a4f1c8c71e8a0
class7-english-page-0046,class7-english,7,46,,class7-english:page-block:010,validation,285,False,,5e9a9deb7ad1bb8a2f0ee5a84dd5db0da55ae9a61d3cf7151110c68cae164601
class7-english-page-0047,class7-english,7,47,,class7-english:page-block:010,validation,331,False,,40c9b089bb2050ab22fc1c0f1e04438a25549890f7f78b0602f286f57f45489a
class7-english-page-0048,class7-english,7,48,,class7-english:page-block:010,validation,88,False,,6c9b6789e1a8befe9f691299a884d6c69ac96701a8f714d2a8180c2c3b37b7ae
class7-english-page-0049,class7-english,7,49,,class7-english:page-block:010,validation,128,False,,651d18aa7224fc52032daea0668883d55835b6a0a9e531053dc52339d63c251f
class7-english-page-0050,class7-english,7,50,,class7-english:page-block:010,validation,184,True,OCR_REVIEW_NEEDED,4e7338236d9df9a1d97ee39db42cee3187f0d5e1ea96ab9c6437da18291a5300
class7-english-page-0051,class7-english,7,51,,class7-english:page-block:011,train,220,False,,16e9f97c0fa698b876f045a001db2868d950f8398460e50a81942c65b925a100
class7-english-page-0052,class7-english,7,52,,class7-english:page-block:011,train,319,False,,f7be8a71c11dffeea9743c6f99732a5cfcb1eb16b44a59f92785321db9173677
class7-english-page-0053,class7-english,7,53,,class7-english:page-block:011,train,43,False,,0fbd55fe7560ee378697e29aa5372bc91f1b4019bbdd1e6e81e77ade3dea32c0
class7-english-page-0054,class7-english,7,54,,class7-english:page-block:011,train,193,False,,9a4957f5085aa751f4f4b8a8c26a7158cd494992cb5853d743a51f0a62f29bae
class7-english-page-0055,class7-english,7,55,,class7-english:page-block:011,train,103,False,,e60d6ca70842ed0f5dc2039ccccb01a6c5e68e7164dfb12af93ff154269b0e38
class7-english-page-0056,class7-english,7,56,,class7-english:page-block:012,train,188,False,,b2a22ceb73c31f186e6ca341f07e6cfdc5fcbf34eef479d4369ee292de065e7b
class7-english-page-0057,class7-english,7,57,,class7-english:page-block:012,train,283,False,,a8eb38088890f95d1d1f372ce8140cdff561ee6401970275b3f8b5a3a2e162c4
class7-english-page-0058,class7-english,7,58,,class7-english:page-block:012,train,139,False,,04cd5d6682059f7163858913825a86b2b8afffec4e410665fb72ecf9a3525ff7
class7-english-page-0059,class7-english,7,59,,class7-english:page-block:012,train,189,False,,7bb92621673935d037ff5f17fadaafeab8cd911636f1155c59ca6a5b1d5262ca
class7-english-page-0061,class7-english,7,61,,class7-english:page-block:013,train,194,False,,13a52b5d33d50145e561cc42d97f0ef546f22efaeaf3573db76a6274be5f0f3b
class7-english-page-0062,class7-english,7,62,,class7-english:page-block:013,train,184,False,,f237ca26c42fe0dcd429aae9631bb419e9c675c4ff56062a557c4d63a9b39a09
class7-english-page-0063,class7-english,7,63,,class7-english:page-block:013,train,172,False,,cc1a7f219aa15bb73e4ba07e2f1f6dad1c63e9a5f99adf50767c6f22ec50c150
class7-english-page-0064,class7-english,7,64,,class7-english:page-block:013,train,177,False,,5c163740cb812caea79f50487a24cd3a839a29943d71ef417c1e976e53405942
class7-english-page-0065,class7-english,7,65,,class7-english:page-block:013,train,112,False,,81d5884931da141ca26278d066732133c7efbb148ab5fbef137c5e3d748192a3
class7-english-page-0066,class7-english,7,66,,class7-english:page-block:014,train,211,False,,379aecdbe5fd7b475f32657eb5c8cf9221e92fcab51419c52d8444c1408488ca
class7-english-page-0067,class7-english,7,67,,class7-english:page-block:014,train,213,False,,cd710864a6a082c5a11895649e86b9c75572fcbf21989b8e14330f8804ee50b0
class7-english-page-0068,class7-english,7,68,,class7-english:page-block:014,train,251,False,,e8342b4b331349913d0bbe1f9e9aadd4f66faade3b517343828153b6e8ad9de2
class7-english-page-0069,class7-english,7,69,,class7-english:page-block:014,train,192,False,,c7cedccf08ae5b631c297ec76d39dcce07176bbe46466c899383d13450c2438e
class7-english-page-0070,class7-english,7,70,,class7-english:page-block:014,train,153,False,,fdb0dd9ff72f205d2b6dfa60a086ce4d6b817c1c426f7dbe2339522c145b83b5
class7-english-page-0071,class7-english,7,71,,class7-english:page-block:015,train,176,False,,245788d782ad4dedeb155a95e20def13eb3f0cab89799afefa596be60f9499da
class7-english-page-0072,class7-english,7,72,,class7-english:page-block:015,train,204,False,,650faeb507c943eabc3b9e44f1d62e759572e7b212520ad9cb82117d811abf9f
class7-english-page-0073,class7-english,7,73,,class7-english:page-block:015,train,239,False,,1134fc7bfd0813692886017adccef34fe1ba58e36bdf96101028aa447977930b
class7-english-page-0074,class7-english,7,74,,class7-english:page-block:015,train,90,False,,02e271b835dd33a21bdf8ecac51239a54b42a041eb854911894a72896c0572f8
class7-english-page-0075,class7-english,7,75,,class7-english:page-block:015,train,279,False,,d7764a4ac2e683916bffa9c62e29776c1f6876e85a74c072dcdcd69230ee2175
class7-english-page-0076,class7-english,7,76,,class7-english:page-block:016,train,144,False,,1d18fbd78aeab00ddcde2079c6a0f09508d8ee08e1e203dde0cc00acfeee5f1e
class7-english-page-0077,class7-english,7,77,,class7-english:page-block:016,train,57,False,,4498a0b951011489aa8b2541e9a9765da8ee63c2f039703a8661f817bb34e87c
class7-english-page-0078,class7-english,7,78,,class7-english:page-block:016,train,132,False,,d56fd5617260025a23946cd38c111333cadc11f688448769340e03e0d440e4a3
class7-english-page-0079,class7-english,7,79,,class7-english:page-block:016,train,179,False,,0c897f53b4a90dba20f9ee4b6a5edee75a7bf74bab3138cf0bd3e8d015768895
class7-english-page-0080,class7-english,7,80,,class7-english:page-block:016,train,123,False,,a9452642e70eb6b3920d20b31f3c262d1ca1705dacf5d1c7fb19f98212d5b862
class7-english-page-0081,class7-english,7,81,,class7-english:page-block:017,train,224,False,,341a392d872c54aad4e65b2d06f55a512c51777c26cdaa72213861fe7977592b
class7-english-page-0082,class7-english,7,82,,class7-english:page-block:017,train,212,False,,c0e717dee0eb13aee7f4c0aef8dc3880d3a2a86412872e7f894e8bc86754f52b
class7-english-page-0083,class7-english,7,83,,class7-english:page-block:017,train,147,False,,523d5e72c03475444729cd8fea0cf2b33094ff3d605836d5131c06e4923c6773
class7-english-page-0084,class7-english,7,84,,class7-english:page-block:017,train,167,False,,f2770a0ef291f3aac66578056b532238ae7a76c7f936c82daea1d87d810b14bd
class7-english-page-0085,class7-english,7,85,,class7-english:page-block:017,train,124,False,,0cb4ed00460fb187d066279e7098618012a9d1ab16e1336dd97cab9bdcb33804
class7-english-page-0086,class7-english,7,86,,class7-english:page-block:018,train,288,False,,1a39e6ea3e98df166e7a43e5b0a8331bd543d082c23f00175cb53334e4652bb2
class7-english-page-0087,class7-english,7,87,,class7-english:page-block:018,train,194,False,,27afac0e7c4d4e89e1179168293aa52e5f72488fe614398cddf15355b08b77d5
class7-english-page-0088,class7-english,7,88,,class7-english:page-block:018,train,304,False,,0270684d566fff35f2268e8ed3c47282adf46f9b89afcefeac42b87fbe10721a
class7-english-page-0089,class7-english,7,89,,class7-english:page-block:018,train,158,False,,674ce792bcf2fbbed88c06feab560136c6528d3e77024033f0473e0e5191bb31
class7-english-page-0090,class7-english,7,90,,class7-english:page-block:018,train,262,False,,bec798e5103648ac4171064fab60237f4d4d85900f3131586438975d9a341986
class7-english-page-0091,class7-english,7,91,,class7-english:page-block:019,validation,41,False,,801b0a710c16db9d7524805f7868a9056dd0765fdb6d573306df78aa27085cc8
class7-english-page-0092,class7-english,7,92,,class7-english:page-block:019,validation,301,False,,cb121856315b2cb95e7fd710174bea618e6581c4f2c671880d695914efa050af
class7-english-page-0093,class7-english,7,93,,class7-english:page-block:019,validation,265,False,,2883b36706c3b53d57480ce517bd16c64af411830c79e541e237af4d9633143e
class7-english-page-0094,class7-english,7,94,,class7-english:page-block:019,validation,230,False,,082e7d94314f04b0b387f11a86f69201bdaf750b24a8e447983bee444a2e050b
class7-english-page-0095,class7-english,7,95,,class7-english:page-block:019,validation,78,False,,2f183b53b00f02d0654a8fa9af211f93d05aa5c00f115db143c0e2f85ba38134
class7-english-page-0096,class7-english,7,96,,class7-english:page-block:020,train,333,False,,090597d9e075a062b3152f7b4666ad88b5614ab564c12552e4ae98518a6958e0
class7-english-page-0097,class7-english,7,97,,class7-english:page-block:020,train,188,False,,fb43a18339f61a9afa7ffa3032a9be64c48551c75617c234fbbf518a2c4eb784
class7-english-page-0098,class7-english,7,98,,class7-english:page-block:020,train,346,False,,de42773110396b39ab1e73c4a9625cc8b3636a7e2088cba4d10db402b4eb773e
class7-english-page-0099,class7-english,7,99,,class7-english:page-block:020,train,349,False,,3d69c2f54b540029506bc9cc82f478d182c9b449a1d3e2b48d1c446738f7ab54
class7-english-page-0100,class7-english,7,100,,class7-english:page-block:020,train,151,False,,b1590315b03899a8350a9823ea86f86fb8444699173314170a3bb2e398c68262
class7-english-page-0101,class7-english,7,101,,class7-english:page-block:021,train,72,False,,b45a8601f3d8363d54f3ae9ab4885acc694a41a4ea5808bd13dbe5bfff2f1627
class7-english-page-0103,class7-english,7,103,,class7-english:page-block:021,train,42,False,,42b62b97a3ca2f911a65d21852d5d7cf0a0e370c11a82ade1ecf1c0605aa0ba3
class7-english-page-0104,class7-english,7,104,,class7-english:page-block:021,train,266,False,,06b67574693d4cb478c02cf8f7243952945a9b4da007553682495496c71f9d36
class7-english-page-0105,class7-english,7,105,,class7-english:page-block:021,train,152,False,,bf0e709dd7b10bd2c00de5ad625c1c36e1f9b4e31246d266dd6069c31c67aa36
class7-english-page-0106,class7-english,7,106,,class7-english:page-block:022,train,65,False,,0b277b915ab78df7ae7d6c7b6efe114ee2b114762356018bcd2ee2c9b43fe4b2
class7-english-page-0107,class7-english,7,107,,class7-english:page-block:022,train,228,True,OCR_REVIEW_NEEDED,f548e1803edb58dc8586b5a380044a8e728051d54edc26012c307f6784aec48e
class7-english-page-0108,class7-english,7,108,,class7-english:page-block:022,train,117,True,OCR_REVIEW_NEEDED,ad7abcc8af896a07d174f928522902b6fd17cb2921c3c4fef23b7c4dc61a5229
class7-english-page-0109,class7-english,7,109,,class7-english:page-block:022,train,65,False,,12b273a12b9699147fa0aac5cded8eb23c60c05dde0176f060d32604c17a853b
class7-english-page-0110,class7-english,7,110,,class7-english:page-block:022,train,291,False,,c800ab18c5db5bf45e1f8f707ef8eb09316cf95df483edfd6f4937d4f98caa65
class7-english-page-0111,class7-english,7,111,,class7-english:page-block:023,train,163,False,,36ec0e23efe72c1bcece7d42d26ea119818afc5066da5a965f5264bfd6a166c2
class7-english-page-0112,class7-english,7,112,,class7-english:page-block:023,train,163,False,,5ab61563b003358a06651008a3eb3cf4ab73cf7be2e55ea1b726f9b70dd24b34
class7-english-page-0113,class7-english,7,113,,class7-english:page-block:023,train,305,False,,1253013da41a3c5044a75c96ba0039be15842c1bb52a03db5f1d8e5689c0871f
class7-english-page-0114,class7-english,7,114,,class7-english:page-block:023,train,122,False,,c76f3f2866a3424e37ef24a607bec03924130d20a33382ce6a36c96c2f02c113
class7-english-page-0115,class7-english,7,115,,class7-english:page-block:023,train,280,False,,f7fa99a79e641ee1c14ea6c85e7fc1799156091199e2c347b6aab4c7cf843724
class7-english-page-0116,class7-english,7,116,,class7-english:page-block:024,train,242,False,,22fd5f72ddbead8188d5c5eeaab12a086122e6de4cb08112630a832dc96384df
class7-english-page-0118,class7-english,7,118,,class7-english:page-block:024,train,269,False,,57b5aafbd3c272f6f1f3e081b32b3c983bae1cb2184f41cca24ed287acbefc59
class7-english-page-0119,class7-english,7,119,,class7-english:page-block:024,train,303,False,,863f115e9b95c12b5023a7e0bc3fc2a392f3c036026e7e3c4936096f2e45a61e
class7-english-page-0120,class7-english,7,120,,class7-english:page-block:024,train,375,False,,da5baad59fffb30ba13b4781a7a63fa571cb29d9b05bee12630c3925924ad863
class7-english-page-0121,class7-english,7,121,,class7-english:page-block:025,train,390,False,,df179efa6a9f19f5f5c8b4ddfd8c181bb82c03574fa8ffa9eb33e47469f2cafd
class8-english-page-0005,class8-english,8,5,,class8-english:page-block:001,external_class8,73,False,CLASS8_EXTERNAL_ONLY,22dd86de65befc2c27865f9d6f0890c85f11fe018afc94e5357c33607b3c1000
